district_size,total,perc_frl,perc_black,perc_hisp,perc_white,perc_non_white,perc_migrant,perc_esol,harsh
3362,970,90.41,22,12,61,39,5,1.4,101
3362,551,90.38,29,22,44,56,10,13.1,19
3362,795,90.44,24,16,55,45,6,3.8,120
3362,516,90.31,25,24,45,55,11,20.3,48
3362,378,90.48,10,7,80,20,2,5,10
3362,152,90.13,10,13,74,26,3,7.9,35
1583,478,80.13,17,37,45,55,5,2.9,20
1583,374,85.56,14,42,42,58,8,4.5,8
1583,162,90.12,27,27,46,54,10,9.9,1
1583,569,85.94,14,45,39,61,11,23.9,40
2048,468,86.54,22,15,57,43,5,8.3,13
2048,494,68.22,21,15,59,41,6,1.8,71
2048,591,58.04,17,12,67,33,4,1.2,54
2048,495,86.46,22,15,57,43,5,7.3,35
271,271,94.1,60,12,23,77,2,0,31
4855,1162,92.86,72,3,21,79,0,0.6,477
4855,1204,92.86,72,2,22,78,0,0.3,66
4855,680,92.79,64,4,26,74,0,1.9,121
4855,558,92.83,62,1,31,69,0,0,28
4855,687,92.87,57,4,30,70,0,2.8,68
4855,564,92.73,67,1,27,73,0,0,136
2738,695,61.01,1,10,86,14,0,1.7,67
2738,606,65.68,2,10,82,18,0,6.1,0
2738,843,51.01,2,9,87,13,0,1.5,45
2738,594,60.1,2,7,88,12,0,3.5,3
15725,1887,53.68,15,21,56,44,0,3.9,253
15725,521,63.34,7,19,61,39,1,14.2,23
15725,851,57.23,12,21,57,43,0,3.5,44
15725,1975,57.26,14,20,59,41,0,3.7,47
15725,840,73.1,19,23,46,54,0,15,23
15725,662,44.71,6,15,67,33,0,12.1,5
15725,1274,69.42,14,19,56,44,0,4.3,89
15725,1161,63.31,9,23,60,40,0,12.5,6
15725,978,61.66,14,17,58,42,0,2.8,67
15725,806,61.04,16,18,57,43,0,14,11
15725,622,78.62,21,18,47,53,0,11.1,72
15725,630,80,6,19,60,40,0,12.9,54
15725,2075,50.46,14,18,57,43,0,2.4,139
15725,698,71.49,9,20,61,39,0,14,14
15725,745,69.8,15,17,58,42,0,11.3,6
14455,717,52.3,8,8,79,21,0,0.7,109
14455,572,51.57,2,7,84,16,0,3.3,18
14455,977,43.3,7,7,82,18,0,1.1,86
14455,367,58.31,1,6,89,11,0,3.5,3
14455,416,50.72,10,9,76,24,0,2.6,20
14455,1518,51.38,16,17,61,39,0,2.9,119
14455,628,65.29,16,18,57,43,0,12.1,10
14455,523,59.08,15,15,63,37,0,8.4,36
14455,668,52.1,10,5,78,22,0,2.2,9
14455,442,55.66,8,14,73,27,0,6.8,3
14455,626,45.56,9,22,63,37,0,2.9,164
14455,978,62.07,14,18,61,39,0,4.1,144
14455,415,75.18,5,33,56,44,0,23.1,11
14455,2993,44.01,7,15,75,25,0,1,129
14455,460,77.17,19,22,53,47,0,13.5,26
14455,786,50.76,4,8,84,16,0,1,138
14455,526,53.61,8,21,63,37,0,14.4,52
14455,476,51.89,5,10,80,20,0,3.2,45
14455,367,73.3,5,15,75,25,0,7.9,19
2946,722,91.69,44,10,41,59,1,2.6,36
2946,672,91.67,44,10,43,57,1,7.3,74
2946,824,91.63,41,13,43,57,0,1,92
2946,728,91.62,46,14,37,63,1,0.8,153
3010,804,83.46,13,9,74,26,2,1,86
3010,66,83.33,3,6,89,11,0,0,7
3010,761,83.57,14,9,74,26,2,0.7,80
3010,698,83.52,11,8,76,24,2,2.4,25
3010,681,83.55,15,7,72,28,2,3.5,43
27120,415,62.91,34,4,57,43,0,0.5,31
27120,453,94.5,95,2,1,99,0,2.4,75
27120,1200,73.65,64,4,25,75,0,1.3,441
27120,701,94.69,94,2,2,98,0,0,938
27120,389,83.72,92,2,5,95,0,0,50
27120,1708,19.54,16,3,71,29,0,1.1,70
27120,2217,81.08,89,2,5,95,0,0,281
27120,2014,87.27,87,4,6,94,0,0.2,822
27120,512,92.92,79,6,12,88,0,0.4,18
27120,948,41.11,43,11,41,59,0,2.4,216
27120,1009,83.77,68,6,20,80,0,1.8,373
27120,729,92.05,95,1,2,98,0,0,278
27120,582,92.83,88,3,6,94,0,0,84
27120,821,57.25,47,12,36,64,0,3,402
27120,28,62.91,32,4,57,43,0,0,33
27120,303,87.56,97,0,2,98,0,0,75
27120,874,48.39,94,3,2,98,0,0,522
27120,535,93.94,73,5,15,85,0,3.9,94
27120,940,92.07,85,7,5,95,0,3.6,843
27120,1063,67.28,68,6,18,82,0,2.8,81
27120,944,94.4,95,1,2,98,0,0,353
27120,314,87.56,95,1,3,97,0,0,122
27120,324,74.23,94,1,3,97,0,0,66
27120,472,74.06,77,4,12,88,0,1.3,19
27120,425,84.12,89,3,6,94,1,0,30
27120,389,77.01,28,34,32,68,0,23.4,13
27120,573,48.62,47,4,38,62,0,4.5,37
27120,414,53.77,67,2,20,80,0,4.8,33
27120,407,69.22,76,5,11,89,0,3.2,48
27120,668,89.35,95,1,2,98,0,0,172
27120,833,72.41,85,9,3,97,0,6.4,333
27120,747,94.39,84,10,3,97,0,6.4,231
27120,446,68.21,97,1,1,99,0,0,71
27120,1703,45,35,8,52,48,0,2.5,39
27120,404,92,98,1,1,99,0,0,67
27120,616,80.42,93,1,3,97,0,0,390
2406,678,50.88,24,4,68,32,0,0,40
2406,517,52.61,25,3,67,33,0,0,3
2406,49,93.88,27,2,65,35,0,0,70
2406,589,86.59,27,3,68,32,0,0,68
2406,573,86.74,25,2,68,32,0,0,149
4080,355,88.17,2,3,92,8,0,0.6,27
4080,1076,88.19,4,3,91,9,0,0.4,18
4080,489,88.34,3,4,90,10,0,0.2,34
4080,281,88.26,5,4,88,12,0,0.7,24
4080,988,68.12,3,2,94,6,0,0.5,123
4080,512,88.28,3,3,90,10,0,1.2,57
4080,379,88.13,4,1,93,7,0,0.5,34
2056,486,94.43,52,12,32,68,1,1.4,28
2056,617,89.33,69,11,18,82,2,8.3,93
2056,471,93.31,52,12,33,67,2,1.1,53
2056,379,44.78,29,8,59,41,2,5.5,12
2056,103,92.95,66,5,25,75,0,0,3
9323,772,35.23,20,11,60,40,0,2.8,67
9323,2272,23.64,16,10,64,36,0,0.5,256
9323,1755,26.95,14,10,66,34,0,0.7,93
9323,669,31.99,13,10,66,34,0,2.2,62
9323,452,69.03,18,3,74,26,0,1.1,44
9323,452,69.91,22,3,69,31,0,0.7,17
9323,682,35.19,15,12,64,36,0,2.1,24
9323,481,69.44,24,4,67,33,0,0.2,170
9323,563,62.88,24,3,67,33,0,0.2,100
9323,1225,6.04,6,7,79,21,0,0.4,38
10142,586,73.38,60,7,27,73,1,2.9,62
10142,409,46.45,14,6,78,22,0,2.4,5
10142,651,58.53,50,5,40,60,0,0.5,131
10142,536,90.86,57,17,22,78,2,9,81
10142,688,36.77,10,5,78,22,0,1.3,14
10142,1031,38.8,11,5,80,20,0,0.2,64
10142,710,79.58,66,10,21,79,1,1,212
10142,812,43.84,11,4,81,19,0,0.5,33
10142,347,72.62,26,8,59,41,1,2.6,23
10142,657,52.82,42,5,45,55,1,2.9,62
10142,1640,57.44,49,8,38,62,1,1.5,411
10142,346,56.65,4,5,87,13,0,1.2,13
10142,441,61,32,6,59,41,0,0.5,32
10142,586,79.52,57,7,31,69,1,2.6,46
10142,702,66.67,48,9,32,68,1,3.8,32
3892,762,77.85,67,4,24,76,0,0,15
3892,957,91.47,63,4,28,72,0,0,417
3892,230,92.04,55,2,38,62,1,0,16
3892,1207,77.14,63,3,30,70,0,0,358
3892,736,46.56,63,5,28,72,0,0,7
7601,2320,88.61,33,5,56,44,0,0.2,439
7601,470,88.51,31,8,57,43,0,0.2,80
7601,552,88.59,27,1,65,35,0,0,79
7601,3278,88.61,40,5,47,53,0,2.9,80
7601,981,88.58,32,3,61,39,0,0.2,286
530,181,85.94,98,1,1,99,1,0,47
530,212,60.52,90,5,2,98,1,0,5
530,137,72.41,94,3,3,97,0,0,48
9092,514,59.73,31,6,54,46,0,0.8,94
9092,1020,44.12,20,11,60,40,0,0.6,124
9092,619,52.34,20,9,62,38,0,0.8,17
9092,1046,52.87,23,7,60,40,0,0.7,172
9092,550,46.91,19,14,58,42,0,2.5,39
9092,560,46.25,24,12,53,47,0,0.7,69
9092,389,65.3,24,2,66,34,0,0.3,45
9092,410,53.9,13,9,66,34,0,0.7,13
9092,424,54.48,21,8,61,39,0,0,17
9092,537,36.69,15,9,67,33,0,0.7,19
9092,2504,40.3,23,8,60,40,0,0.4,288
9092,519,51.06,25,9,55,45,0,1.3,7
2103,609,89.98,28,19,51,49,3,2.6,68
2103,504,90.08,34,22,40,60,3,2,135
2103,990,90,27,21,46,54,3,4.2,156
16778,525,78.1,22,15,54,46,0,5.9,37
16778,288,64.24,9,8,74,26,0,0.7,23
16778,492,69.51,15,6,70,30,0,0.6,72
16778,61,63.73,49,2,46,54,0,1.6,0
16778,422,58.06,5,6,81,19,0,1.2,17
16778,1285,77.16,8,16,68,32,0,7.3,33
16778,953,51.21,10,10,75,25,0,2.7,77
16778,627,57.26,14,7,72,28,0,0.3,92
16778,861,56.91,21,11,60,40,0,1.9,140
16778,344,70.06,8,12,74,26,0,0.9,41
16778,422,63.27,9,10,73,27,0,1.9,47
16778,508,66.93,31,9,52,48,0,1.8,136
16778,365,44.66,6,5,84,16,0,1.1,8
16778,712,50,24,11,58,42,0,3.4,8
16778,366,63.11,6,7,81,19,0,1.1,11
16778,597,61.98,28,8,55,45,0,1.8,78
16778,416,72.6,23,14,54,46,0,5.5,15
16778,538,65.61,22,6,65,35,0,2.8,63
16778,582,63.4,13,6,71,29,0,1.9,55
16778,2217,48.34,12,9,73,27,0,1.5,86
16778,412,52.18,12,6,75,25,0,0.5,54
16778,907,44.98,12,11,71,29,0,5.4,44
16778,1241,55.07,16,7,68,32,0,2.9,10
16778,1637,54.67,26,10,56,44,0,1.2,128
12804,468,47.86,1,2,90,10,0,1.1,1
12804,449,55.46,2,4,82,18,0,4.5,12
12804,487,55.03,5,4,83,17,0,2.5,7
12804,381,41.21,1,3,94,6,0,0.3,2
12804,3135,26.37,2,2,91,9,0,0.1,52
12804,443,63.43,1,4,91,9,0,2.3,10
12804,935,35.83,2,4,90,10,0,0,14
12804,589,34.3,2,3,90,10,0,0.3,4
12804,980,60.51,7,8,78,22,0,1.5,36
12804,984,75.05,4,10,78,22,0,4.1,2
12804,798,69.8,6,8,80,20,0,1.3,71
12804,357,75.63,3,3,88,12,0,0.6,9
12804,459,47.28,2,2,91,9,0,0.4,9
12804,1046,36.52,2,4,90,10,0,0.6,26
12804,513,42.11,3,4,86,14,0,1.6,1
12804,780,48.59,2,4,89,11,0,0.8,17
1628,590,75.08,33,3,56,44,0,0,165
1628,456,69.96,34,2,56,44,0,0.4,46
1628,425,60.47,31,2,60,40,0,0,35
1628,157,75.8,1,3,89,11,0,0,16
38469,2212,73.22,88,4,5,95,0,0.6,125
38469,53,16.98,38,6,51,49,0,0,0
38469,251,64.54,46,9,36,64,0,0,22
38469,661,64.75,67,13,10,90,0,0,51
38469,599,67.28,48,24,23,77,0,4.7,41
38469,1327,45.14,51,13,28,72,0,1.5,262
38469,604,63.74,66,6,19,81,0,0,100
38469,695,33.81,26,11,48,52,0,0,36
38469,284,27.82,12,4,81,19,0,0,2
38469,266,75.56,81,4,9,91,0,0,153
38469,518,94.98,95,1,2,98,0,2.3,291
38469,756,41.53,44,8,36,64,0,0,17
38469,740,62.7,51,8,31,69,0,0.1,43
38469,426,86.62,25,59,12,88,0,39,3
38469,918,78.21,49,20,22,78,0,2.8,167
38469,750,53.47,50,11,29,71,0,0.1,36
38469,664,89.91,96,2,2,98,0,0.6,191
38469,521,80.42,94,1,3,97,0,0.2,393
38469,1708,36.36,39,11,35,65,0,4.7,101
38469,786,45.04,31,5,52,48,0,1.8,7
38469,815,76.44,65,15,12,88,0,2.3,281
38469,736,73.64,53,20,19,81,0,2.2,47
38469,525,86.1,87,5,4,96,0,1.9,279
38469,727,39.2,28,6,57,43,0,0.1,87
38469,1016,30.31,18,7,65,35,0,0.1,54
38469,949,12.12,13,6,65,35,0,0,6
38469,657,87.82,85,8,4,96,0,6.5,13
38469,825,74.06,61,14,19,81,0,4.5,224
38469,239,53.56,74,13,8,92,0,0,7
38469,720,85.97,87,2,7,93,0,1,143
38469,214,60.75,52,2,38,62,0,0,10
38469,45,75.56,76,2,9,91,0,0,32
38469,469,92.88,93,3,2,98,0,1.3,18
38469,532,91.37,97,0,1,99,0,0,232
38469,1703,58.33,61,7,25,75,0,0.7,13
38469,576,34.03,7,3,81,19,0,3.1,9
38469,560,82.5,73,8,10,90,0,6.1,37
38469,1004,74.5,86,6,5,95,0,2,337
38469,723,82.16,38,29,22,78,0,19.8,104
38469,452,89.6,92,2,3,97,0,1.1,287
38469,602,81.89,72,10,10,90,0,4.5,126
38469,510,92.87,94,1,1,99,0,0.4,77
38469,689,85.49,71,19,6,94,0,3.5,163
38469,774,77,68,4,22,78,0,0.4,339
38469,420,65,32,20,38,62,0,11.9,34
38469,335,68.66,11,11,69,31,0,0,14
38469,437,32.49,35,5,53,47,0,0,6
38469,385,89.35,98,1,1,99,0,0,36
38469,1275,51.06,22,21,49,51,0,12.5,99
38469,473,74.21,52,19,20,80,0,14.6,21
38469,456,78.51,65,7,16,84,0,4.4,90
38469,460,92.83,93,5,1,99,0,0.9,13
38469,436,93.81,94,3,1,99,0,0,7
38469,1052,57.79,63,7,21,79,0,1.7,235
38469,430,83.72,64,27,6,94,0,8.1,189
38469,496,46.77,45,6,43,57,0,0.2,16
38469,1013,63.38,69,12,12,88,0,1.3,339
876,260,76.38,33,4,58,42,0,0,31
876,166,77.71,28,7,58,42,0,0.6,36
876,450,45.56,20,17,53,47,0,2.7,40
2601,767,34.15,13,9,68,32,0,3.7,2
2601,70,10,7,3,83,17,0,2.9,7
2601,726,81.4,8,5,82,18,0,0.4,61
2601,351,79.2,3,3,89,11,0,0.6,2
2601,361,88.64,15,12,65,35,0,1.1,2
2601,326,58.59,0,1,95,5,0,0.3,0
47877,993,46.73,16,26,50,50,0,12.5,43
47877,1151,37.1,11,22,55,45,0,9.6,56
47877,835,63.54,7,67,23,77,0,49.5,46
47877,1996,11.52,3,8,87,13,0,1.1,78
47877,1034,17.02,3,10,82,18,0,3.8,7
47877,1413,25.62,8,19,65,35,0,3.1,144
47877,1901,21.09,9,20,64,36,0,2.1,138
47877,917,28.9,4,18,73,27,0,6.9,20
47877,2450,24.41,11,18,66,34,0,2.1,190
47877,1822,32.16,10,21,61,39,0,3.6,236
47877,577,34.84,3,23,65,35,0,10.2,5
47877,1543,24.24,6,14,73,27,0,2.3,306
47877,586,31.74,8,18,66,34,0,7.2,22
47877,442,23.08,8,8,75,25,0,4.1,0
47877,1983,19.77,7,14,74,26,0,1.3,107
47877,732,11.89,3,7,85,15,0,1.4,14
47877,905,6.41,4,5,84,16,0,0.7,25
47877,2334,24.81,12,17,64,36,0,2.7,153
47877,830,63.13,4,37,55,45,0,28.1,60
47877,732,39.34,6,19,69,31,0,7.4,58
47877,2413,24.2,10,15,69,31,0,7.2,9
47877,2259,20.46,7,14,73,27,0,1.4,71
47877,525,27.81,1,6,91,9,0,1.5,33
47877,1590,54.53,6,38,53,47,0,12.6,365
47877,1241,38.28,15,21,54,46,0,5.2,154
47877,3539,16.57,2,9,86,14,0,0.7,88
47877,1357,18.72,9,18,61,39,0,5.2,33
47877,1208,45.53,16,22,51,49,0,12.7,25
47877,795,21.89,5,15,74,26,0,6.7,18
47877,324,24.07,4,10,80,20,0,5.6,4
47877,1003,40.68,6,25,65,35,0,17,31
47877,256,33.2,0,4,92,8,0,1.6,13
47877,1406,66.59,9,43,41,59,0,29.9,23
47877,1262,12.89,4,9,79,21,0,2.6,3
47877,2770,35.09,7,26,63,37,0,7,191
47877,753,9.83,3,6,86,14,0,1.3,6
12595,1422,92.05,55,28,13,87,1,4.5,259
12595,76,92.11,58,21,16,84,0,0,71
12595,337,91.99,77,9,7,93,1,5.6,199
12595,416,92.07,31,63,5,95,1,46.9,20
12595,526,92.02,40,11,37,63,0,9.9,11
12595,269,92.19,40,32,20,80,0,24.2,17
12595,735,92.11,50,42,5,95,1,6.7,178
12595,475,92,74,16,5,95,0,8.8,191
12595,338,92.01,71,19,4,96,0,10.7,95
12595,692,92.05,41,39,13,87,1,6.6,151
12595,457,92.12,44,13,37,63,1,7.7,162
12595,789,92.02,48,11,34,66,0,2.7,216
12595,725,92,40,38,15,85,1,25,4
12595,504,92.06,52,10,30,70,1,6.7,11
12595,390,92.05,55,26,16,84,1,17.9,130
12595,501,92.02,36,6,47,53,0,8,36
12595,441,92.06,47,45,6,94,1,33.8,57
12595,507,92.11,38,40,18,82,0,26.2,77
12595,541,92.05,33,7,55,45,0,2.8,144
12595,683,92.09,61,13,18,82,0,1.6,257
12595,1771,92.04,46,24,24,76,0,3.3,327
184,62,87.29,97,0,2,98,0,0,12
184,122,80.42,97,0,2,98,0,0,32
57702,967,92.97,76,14,3,97,0,1.8,66
57702,1460,92.91,75,19,1,99,0,7.8,40
57702,1691,92.96,82,13,1,99,0,1.5,495
57702,840,92.98,70,17,3,97,0,13.8,28
57702,1010,92.97,67,27,2,98,0,7,349
57702,2625,92.93,70,25,1,99,0,6,279
57702,632,92.88,69,22,3,97,0,16,10
57702,664,92.92,74,14,0,100,0,0,13
57702,1555,92.93,66,27,1,99,0,5.2,388
57702,957,92.89,58,25,2,98,0,7.1,245
57702,743,92.87,50,40,5,95,0,22.3,5
57702,827,92.99,78,15,2,98,0,2.3,159
57702,799,93.24,80,15,1,99,0,6.9,62
57702,1285,92.95,70,22,2,98,0,12.5,36
57702,568,92.96,73,20,2,98,0,3.5,98
57702,610,92.95,80,12,1,99,0,4.8,38
57702,1819,92.96,81,13,2,98,0,1.5,297
57702,536,92.91,75,20,1,99,0,3.9,138
57702,636,92.92,86,7,3,97,0,2.2,10
57702,794,92.95,73,21,2,98,0,5.7,148
57702,1248,92.92,69,25,2,98,0,12,54
57702,980,92.96,69,21,3,97,0,12,3
57702,1134,92.93,65,29,1,99,0,19.6,28
57702,1546,92.92,92,4,1,99,0,6.4,60
57702,607,92.92,77,14,2,98,0,11.4,14
57702,1132,92.93,69,22,3,97,0,4,178
57702,597,92.96,77,10,3,97,0,0,0
57702,649,92.91,79,12,0,100,0,8.9,10
57702,846,92.91,79,17,1,99,0,2.8,213
57702,1307,92.96,70,21,2,98,0,2.6,267
57702,592,92.91,67,26,1,99,0,20.4,65
57702,600,92.83,81,13,3,97,0,8.5,51
57702,664,92.92,77,15,3,97,0,9.2,41
57702,417,92.81,37,59,1,99,0,41,0
57702,1206,92.95,80,15,1,99,0,2.2,186
57702,934,92.93,71,24,2,98,0,0,217
57702,720,94.35,77,17,1,99,0,9.7,61
57702,473,92.81,85,8,1,99,0,2.5,8
57702,534,92.88,54,37,4,96,0,22.8,33
57702,591,92.89,82,12,2,98,0,7.6,28
57702,1666,92.98,42,44,3,97,0,8,176
57702,1388,92.94,68,22,3,97,0,2.7,310
57702,573,92.84,73,20,2,98,0,16.1,54
57702,719,92.99,83,11,0,100,0,10.2,79
57702,699,92.99,68,27,3,97,0,11.3,47
57702,567,92.95,64,18,8,92,0,8.1,4
57702,1163,92.95,88,8,0,100,0,2.3,360
57702,700,92.86,52,39,4,96,0,14.1,142
57702,523,92.93,48,28,2,98,0,28.7,19
57702,747,92.9,69,25,1,99,0,13.8,23
57702,577,92.89,92,6,0,100,0,3.6,35
57702,569,92.97,49,45,2,98,0,33.9,49
57702,1027,92.99,38,48,3,97,0,12.6,106
57702,873,92.9,86,10,0,100,0,3.8,116
57702,906,92.94,36,50,3,97,0,34.4,13
57702,779,92.94,78,14,1,99,0,3.2,303
57702,803,92.9,80,14,1,99,0,9,30
57702,561,92.87,35,45,3,97,0,31.4,11
57702,1771,92.94,67,17,1,99,0,3.3,332
57702,664,92.92,71,16,4,96,0,7.8,14
57702,518,92.86,50,42,3,97,0,27.6,11
57702,748,92.91,60,32,3,97,0,21.1,56
57702,651,92.93,62,20,3,97,0,18.3,10
57702,715,92.87,71,23,2,98,0,14.8,49
1264,510,57.44,38,4,51,49,5,0.2,142
1264,292,94.86,33,6,55,45,2,0,216
1264,462,61.69,34,3,58,42,1,0,109
113634,1899,27.54,27,18,43,57,0,2.9,117
113634,1099,87.56,49,48,2,98,0,33.4,174
113634,1526,31.59,20,17,54,46,0,0.7,193
113634,794,21.28,13,14,63,37,0,6.9,41
113634,316,53.16,29,22,38,62,0,18,15
113634,712,20.08,11,12,71,29,0,4.5,33
113634,1225,8.67,4,6,61,39,0,4.2,25
113634,741,84.08,56,31,10,90,0,18.1,43
113634,1041,78.77,37,47,13,87,0,28.9,141
113634,784,86.86,42,47,6,94,0,33.7,54
113634,2685,7.6,6,6,65,35,0,0.7,92
113634,950,8.42,10,9,66,34,0,0,56
113634,716,20.53,27,12,52,48,0,4.5,17
113634,884,10.12,4,6,81,19,0,1.8,4
113634,684,33.77,18,18,57,43,0,2.9,120
113634,671,42.08,7,7,75,25,0,2.7,14
113634,482,21.37,12,15,65,35,0,5.2,11
113634,1941,5.2,5,6,78,22,0,0.3,107
113634,809,35.85,34,18,33,67,0,9.4,20
113634,977,62.13,40,38,14,86,0,27.7,32
113634,772,57.77,61,16,17,83,0,7,50
113634,2365,8.16,13,6,75,25,0,0.1,127
113634,862,50.12,38,23,30,70,0,11.8,76
113634,743,16.96,18,8,65,35,0,0,28
113634,668,27.84,24,16,48,52,0,6.7,20
113634,1134,35.19,58,8,23,77,0,4.9,52
113634,1108,84.3,56,39,2,98,0,9.7,341
113634,944,15.25,27,10,54,46,0,2.3,0
113634,849,44.99,29,17,41,59,0,8.2,49
113634,460,82.39,60,23,11,89,0,14.6,26
113634,1731,16.75,19,10,63,37,0,0.5,122
113634,1036,58.59,41,30,22,78,0,20.8,201
113634,677,17.58,12,17,55,45,0,9,12
113634,1253,6.25,5,6,63,37,0,0.7,51
113634,1118,10.89,3,5,75,25,0,1.8,15
113634,691,43.7,37,22,30,70,0,4.2,59
113634,1303,6.25,5,6,66,34,0,1.2,24
113634,858,39.19,23,20,45,55,0,10.2,36
113634,1408,9.85,7,12,62,38,0,5.7,20
113634,586,26.96,17,18,54,46,0,6.7,25
113634,1582,70.29,45,40,9,91,0,10.8,428
113634,694,9.37,10,7,70,30,0,1.6,20
113634,820,35.73,8,7,77,23,0,0,4
113634,1039,83.83,36,55,5,95,0,13.4,271
113634,802,17.46,17,10,63,37,0,3.6,38
113634,1058,30.25,23,20,47,53,0,10.4,21
113634,1092,11.54,13,8,72,28,0,0.4,58
113634,664,62.5,37,24,31,69,0,15.4,23
113634,519,36.61,60,14,16,84,0,7.1,35
113634,508,87.56,55,41,2,98,0,34.3,6
113634,602,86.54,57,37,4,96,0,7.8,115
113634,1770,37.97,28,21,37,63,0,3.3,237
113634,966,7.25,7,9,65,35,0,4.9,12
113634,578,9.17,7,11,63,37,0,3.6,4
113634,2120,6.6,7,9,73,27,0,0.2,138
113634,1188,6.4,6,8,75,25,0,3.1,17
113634,902,11.64,11,12,62,38,0,1.2,80
113634,474,41.35,16,24,52,48,0,13.1,19
113634,1059,5.38,6,7,72,28,0,0,46
113634,606,48.39,18,78,3,97,0,57.6,50
113634,700,86.71,63,23,9,91,0,8.6,69
113634,656,39.48,19,22,46,54,0,13.6,13
113634,582,78.35,63,20,11,89,0,12.7,39
113634,594,46.97,26,19,44,56,0,14.1,70
113634,911,50.16,39,21,32,68,0,3,108
113634,962,66.42,59,26,9,91,0,4,193
113634,1145,6.25,6,5,61,39,0,2.6,27
113634,728,70.88,68,17,10,90,0,8.8,62
113634,1145,20.38,4,6,72,28,0,3.9,7
113634,1054,10.91,16,6,70,30,0,0,63
113634,1057,71.14,68,20,8,92,0,2.9,253
113634,545,43.67,28,23,37,63,0,9.7,14
113634,1117,19.52,16,15,60,40,0,0.8,75
113634,991,85.57,65,31,2,98,0,23,120
113634,898,41.76,29,20,42,58,0,2.6,120
113634,1410,24.96,33,13,45,55,0,1.7,127
113634,2399,20.68,35,10,47,53,0,0.5,150
113634,83,89.12,63,5,31,69,0,0,0
113634,235,35.74,30,35,30,70,0,0,37
113634,341,88.56,17,71,9,91,0,53.4,31
113634,2895,54.47,40,33,19,81,0,5.7,540
113634,1357,56.15,43,26,23,77,0,7.5,267
113634,888,87.95,56,32,8,92,0,8.9,445
113634,2390,58.37,68,18,8,92,0,2.3,664
113634,838,84.61,35,55,7,93,0,37.2,45
113634,420,79.76,41,45,9,91,1,35,25
113634,2190,40.32,39,19,26,74,0,6.7,295
113634,355,85.92,34,57,3,97,0,38.6,29
113634,2802,38.79,37,19,34,66,0,1.8,253
113634,1091,22.09,32,9,43,57,0,7.1,24
113634,2116,79.02,29,64,3,97,0,14.9,476
113634,1419,66.38,30,50,15,85,0,9.7,234
113634,377,84.35,45,39,10,90,0,30.5,32
113634,1979,72.56,61,28,7,93,0,3.4,483
113634,809,92.66,11,82,5,95,0,64.3,91
113634,598,59.53,63,24,10,90,0,12.2,27
113634,394,90.61,23,69,4,96,0,48.2,8
113634,384,87.76,36,56,5,95,0,37.2,76
113634,1253,71.2,39,37,18,82,0,21.4,44
113634,494,84.62,53,32,11,89,0,17.8,22
113634,793,33.67,32,17,40,60,0,3.5,88
113634,1073,44.27,30,24,33,67,0,4.9,132
113634,2490,70.12,58,33,6,94,0,6.7,583
113634,921,24.86,45,7,22,78,0,8.1,34
113634,605,78.18,37,47,9,91,0,32.2,54
113634,755,40.13,30,21,30,70,0,14.8,34
113634,933,71.06,59,24,7,93,0,19.1,64
113634,556,11.33,8,8,75,25,0,0,11
113634,946,79.07,47,41,8,92,0,7,278
113634,701,58.2,35,37,21,79,0,22.7,30
113634,714,25.21,20,19,39,61,0,18.8,24
12646,658,81.31,16,18,61,39,4,10.6,9
12646,377,78.07,12,35,49,51,7,25.7,16
12646,1572,77.5,30,21,46,54,3,2.7,301
12646,190,81.05,24,16,58,42,1,2.6,1
12646,533,93.71,36,27,33,67,4,17.4,60
12646,305,81.31,30,13,53,47,2,6.9,13
12646,1334,66.34,33,19,45,55,3,1.5,186
12646,3385,65.87,55,9,31,69,1,4.8,36
12646,307,81.43,20,8,63,37,2,4.9,46
12646,492,81.3,30,20,46,54,4,2.8,48
12646,307,81.43,8,32,55,45,9,17.3,27
12646,3186,77.01,49,19,29,71,9,12.5,44
9013,1427,92.91,27,28,42,58,7,10.2,263
9013,70,94.38,54,19,23,77,2,0,27
9013,298,94.97,31,17,47,53,2,13.8,44
9013,559,94.99,13,51,32,68,23,42.2,28
9013,564,87.27,9,34,54,46,12,28.7,2
9013,1824,58.37,26,27,43,57,4,4.8,286
9013,379,94.99,12,55,31,69,24,43.5,11
9013,509,33.12,25,12,61,39,2,6.9,4
9013,244,48.39,65,24,8,92,3,16.8,11
9013,1304,94.35,25,30,41,59,7,5.1,328
9013,451,92.19,38,21,39,61,2,13.1,46
9013,552,94.5,46,44,6,94,7,38.4,117
9013,258,94.96,3,5,81,19,1,5.4,14
9013,574,94.95,30,19,44,56,4,14.6,39
36197,677,9.45,13,8,69,31,0,0.4,24
36197,718,16.71,16,10,63,37,0,1,3
36197,970,46.6,36,17,35,65,0,2.9,165
36197,727,14.03,9,9,67,33,0,2.3,2
36197,1817,35.39,19,11,59,41,0,0.9,74
36197,724,16.57,13,6,63,37,0,1.1,20
36197,2042,34.13,37,14,40,60,0,0.6,315
36197,565,44.6,13,11,60,40,0,5,2
36197,1050,39.52,18,8,68,32,0,0.3,65
36197,759,29.64,16,12,59,41,0,1.1,12
36197,1574,36.59,16,9,54,46,0,3.3,25
36197,3988,23.38,18,6,62,38,0,0.9,126
36197,2491,51.97,25,16,46,54,0,5.8,11
36197,849,15.43,9,5,62,38,0,5.7,6
36197,675,16.74,16,8,68,32,0,0.6,15
36197,1654,16.54,17,8,68,32,0,1.9,1
36197,1653,9.5,15,7,70,30,0,0.3,52
36197,1151,41.36,35,18,36,64,0,4.3,18
36197,940,25.32,26,15,46,54,0,0.7,7
36197,807,42.01,18,7,69,31,0,0.9,104
36197,1924,48.98,25,12,52,48,0,1.2,65
36197,660,9.09,10,6,76,24,0,0.8,9
36197,582,48.11,20,13,57,43,0,2.1,15
36197,558,10.75,16,9,65,35,0,1.6,0
36197,1815,32.94,27,13,50,50,0,0.8,65
36197,772,53.11,18,9,62,38,0,3.9,2
36197,351,38.46,7,4,87,13,0,0,4
36197,1845,32.74,21,10,59,41,0,0.7,180
36197,625,58.56,17,8,64,36,0,1,19
36197,782,59.85,30,22,37,63,0,7.7,20
36197,452,58.41,32,9,48,52,0,5.8,24
2960,724,84.12,35,9,52,48,3,1.8,121
2960,730,84.11,35,12,50,50,2,5.9,69
2960,861,52.96,34,8,52,48,2,1.4,159
2960,645,70.99,31,12,51,49,2,8.5,0
29225,435,25.52,9,9,77,23,0,0,10
29225,724,29.28,8,10,76,24,0,4.1,21
29225,935,28.56,17,10,64,36,0,0,93
29225,679,26.07,9,10,75,25,0,2.8,8
29225,1387,47.8,27,15,50,50,0,5.5,50
29225,576,18.06,5,12,76,24,0,3.5,9
29225,812,32.64,29,11,42,58,0,5.3,8
29225,444,83.78,43,28,21,79,0,12.4,60
29225,1791,20.6,14,8,71,29,0,0.5,134
29225,584,47.26,28,5,62,38,0,0,57
29225,760,54.74,39,13,39,61,0,5,93
29225,275,66.55,24,2,69,31,0,0,28
29225,754,40.19,19,9,70,30,0,0,100
29225,382,25.92,8,9,76,24,0,0,3
29225,1115,25.65,14,10,68,32,0,0,44
29225,689,62.7,35,8,51,49,0,0,217
29225,3194,32.06,25,11,56,44,0,0.8,306
29225,927,45.95,33,15,42,58,0,2.9,142
29225,357,66.39,15,13,68,32,0,8.7,41
29225,374,71.93,49,13,35,65,0,6.1,38
29225,1817,55.92,27,11,57,43,0,2,132
29225,1076,65.5,31,13,49,51,0,6,61
29225,3385,35.73,9,5,83,17,0,0,6
29225,2113,40.05,23,6,65,35,0,0,17
29225,487,45.38,27,10,57,43,0,0,22
29225,456,47.59,13,10,74,26,0,3.3,17
29225,2313,42.76,26,7,61,39,0,0.7,482
29225,384,66.67,41,4,50,50,0,0,35
1645,756,42.71,22,3,67,33,0,0.9,34
1645,476,91.6,23,4,69,31,0,1.5,50
1645,413,91.53,20,4,72,28,0,1.2,54
3717,1115,60.45,57,6,31,69,1,4.2,110
3717,1076,39.96,55,4,37,63,1,0.6,425
3717,891,56.68,59,6,31,69,1,1,375
3717,635,58.11,62,5,29,71,1,2.7,120
2985,697,54.52,1,2,92,8,0,0.6,38
2985,605,52.56,1,1,96,4,0,0.3,20
2985,1188,61.29,0,2,94,6,0,0.4,3
2985,495,58.18,1,3,93,7,0,0,38
3475,365,44.11,2,16,80,20,0,11.5,1
3475,542,44.83,1,11,85,15,0,1.8,98
3475,576,41.84,1,10,88,12,0,2.1,54
3475,338,50.89,1,4,92,8,0,1.2,24
3475,565,47.61,0,6,91,9,0,2.1,17
3475,790,34.56,1,8,89,11,0,0.8,32
3475,299,49.16,1,14,81,19,0,9.4,151
4785,553,93.67,50,13,32,68,1,9,52
4785,96,93.75,65,8,25,75,1,0,8
4785,318,93.71,69,11,14,86,2,7.9,38
4785,696,93.68,48,11,38,62,1,1.6,156
4785,774,93.67,46,11,39,61,2,2.8,149
4785,1411,93.69,47,11,40,60,1,1.7,115
4785,333,93.69,41,16,40,60,5,8.7,12
4785,604,93.71,50,7,38,62,1,4.1,21
109733,711,65.4,97,2,0,100,0,0.4,29
109733,747,59.57,97,1,0,100,0,2.5,23
109733,1532,94.5,96,2,0,100,0,0,732
109733,1317,74.11,95,2,0,100,0,1.3,455
109733,977,70.12,95,2,0,100,0,0.1,96
109733,740,83.92,90,6,1,99,0,2,42
109733,519,76.69,95,2,0,100,0,1,12
109733,1120,92.99,96,3,0,100,0,0.1,403
109733,646,9.27,4,6,47,53,0,10.8,4
109733,668,10.15,2,6,61,39,0,7.5,0
109733,1002,74.75,93,4,1,99,0,0,592
109733,535,92.94,91,5,1,99,0,3.7,52
109733,800,77.7,91,5,1,99,0,2.4,204
109733,1611,36.81,15,35,39,61,0,11.5,116
109733,1025,88.63,83,10,3,97,0,8.6,69
109733,539,81.08,94,4,1,99,0,0.6,57
109733,2024,79.21,95,1,1,99,0,0.7,247
109733,659,83.61,97,2,0,100,0,1.5,38
109733,796,85.57,94,3,1,99,0,0.8,353
109733,2259,41.36,55,4,3,97,0,41.1,221
109733,1370,80.15,92,6,1,99,0,2.1,404
109733,1137,85.66,94,5,0,100,0,2.1,575
109733,773,85.77,91,5,1,99,0,1.3,273
109733,1122,8.65,15,9,35,65,0,13.8,11
109733,579,24.18,29,6,57,43,0,1.4,9
109733,2057,93.31,82,8,1,99,0,11.4,114
109733,569,92.52,91,6,0,100,0,2.6,5
109733,1131,77.01,78,8,3,97,0,16.3,369
109733,482,6.43,10,6,61,39,0,0,3
109733,2625,93.02,3,91,1,99,0,36.6,308
109733,1028,85.99,95,3,1,99,0,0.1,707
109733,569,89.98,92,4,1,99,0,0,70
109733,599,79.52,95,2,0,100,0,0.8,7
109733,1815,90.66,95,2,1,99,0,0.7,367
109733,763,92.12,93,4,1,99,0,1.2,68
109733,113,49.56,89,2,4,96,0,0,3
109733,451,65.19,96,3,0,100,0,0,73
109733,903,12.62,26,13,49,51,0,2.3,29
109733,248,20.56,35,15,48,52,0,2,38
109733,653,94.97,93,2,1,99,0,2.5,59
109733,955,77.7,92,5,1,99,0,1.4,195
109733,439,85.42,93,2,1,99,0,19.8,11
109733,862,74.75,88,7,1,99,0,3.6,565
109733,969,26.52,23,19,42,58,0,3.5,39
109733,302,58.61,87,5,3,97,0,0,4
109733,659,85.77,95,3,1,99,0,1.2,175
109733,431,25.06,62,2,30,70,0,0,0
109733,377,92.12,94,2,1,99,0,1.1,14
109733,1443,67.22,93,4,1,99,0,0.8,410
109733,161,87.56,84,8,4,96,0,2.5,561
109733,46,87.65,59,2,37,63,0,0,0
109733,1019,90.19,77,10,3,97,0,11.8,283
109733,802,66.33,98,1,0,100,0,1.2,111
109733,73,65.75,63,12,14,86,0,0,0
109733,559,39.96,81,14,2,98,0,12.2,20
109733,862,88.17,94,3,0,100,0,2,522
109733,1265,69.17,58,18,10,90,0,18.3,191
109733,1341,84.1,96,2,0,100,0,0.2,42
109733,483,73.56,89,6,0,100,0,5.2,35
109733,368,80.13,16,77,0,100,0,26.6,12
109733,40,59.08,43,5,53,47,0,0,0
109733,2320,55.65,23,44,26,74,0,9.6,148
109733,431,74.71,36,4,20,80,0,40.6,7
109733,454,72.03,78,15,2,98,0,15.9,133
109733,987,53.6,46,16,24,76,0,12.3,217
109733,725,92.97,90,7,0,100,0,3,6
109733,510,60,93,2,4,96,0,1.2,3
109733,464,79.31,31,29,12,88,0,31.7,13
109733,1416,60.1,94,2,1,99,0,1.3,62
109733,539,56.72,95,2,0,100,0,1.9,19
109733,927,92.66,1,95,0,100,0,83.4,0
109733,624,61.38,23,39,26,74,0,22.1,9
109733,1553,87.1,95,2,1,99,0,1.5,244
109733,941,93.52,76,4,3,97,0,39.3,70
109733,337,40.65,19,28,42,58,0,17.8,4
109733,1757,62.09,63,13,9,91,0,16.2,151
109733,844,80.66,1,97,0,100,0,81.4,7
109733,895,69.22,90,5,1,99,0,3.8,212
109733,358,94.69,3,96,0,100,0,80.2,7
109733,938,92.98,94,4,0,100,0,2.3,96
109733,1415,52.38,80,6,1,99,0,16.6,19
109733,958,93.24,96,2,0,100,0,0,335
109733,1325,41.96,41,14,28,72,0,8.2,147
109733,760,42.76,18,34,34,66,0,27.6,2
109733,533,61.16,23,45,20,80,0,33.6,10
109733,908,22.34,31,2,5,95,0,76.8,14
109733,410,91.95,46,18,9,91,0,36.8,12
109733,393,55.98,42,21,26,74,0,17.6,14
109733,746,94.5,5,83,0,100,0,71.4,16
109733,493,93.31,85,7,2,98,0,7.1,135
109733,609,15.44,13,13,61,39,0,4.8,7
109733,396,30.56,33,14,40,60,0,6.3,5
109733,477,76.7,88,7,1,99,0,3.6,97
109733,423,37.12,29,27,29,71,0,15.6,10
109733,473,88.95,69,4,7,93,0,36.4,16
109733,1248,72.56,95,2,0,100,0,0.7,73
109733,558,92.11,65,10,6,94,0,22,23
109733,635,93.12,45,6,7,93,0,57.5,19
109733,3988,38.23,24,33,33,67,0,7.6,163
109733,1406,8.19,9,8,62,38,0,2.3,2
109733,640,89.38,26,66,2,98,0,45,15
109733,488,87.09,89,5,2,98,0,0.8,19
109733,384,72.4,48,30,7,93,0,30.2,3
109733,296,63.72,91,4,2,98,0,1.7,62
109733,661,92.9,93,3,1,99,0,0,340
109733,431,44.78,35,36,18,82,0,27.4,0
109733,504,82.12,93,4,0,100,0,1.6,47
109733,1422,81.31,59,4,4,96,0,42.6,194
109733,1530,77.19,4,89,1,99,0,32.3,143
109733,730,92.33,4,89,3,97,0,63.3,10
109733,334,55.56,93,3,1,99,0,1.5,2
109733,504,28.97,18,16,50,50,0,11.1,1
109733,735,91.97,6,92,1,99,0,81,20
109733,683,93.27,8,75,2,98,0,49.8,10
109733,388,86.78,96,1,0,100,0,0.5,13
109733,536,76.44,82,11,1,99,0,11.9,35
109733,668,73.65,94,4,0,100,0,0.9,123
109733,784,82.03,88,9,0,100,0,6.4,30
109733,842,87.73,89,7,0,100,0,1.7,309
109733,79,15.19,20,8,58,42,0,0,1
109733,405,84.12,83,2,5,95,0,6.7,36
109733,1731,34.95,24,28,31,69,0,8,96
109733,2107,26.44,15,30,47,53,0,6.8,103
109733,1248,58.94,30,41,24,76,0,22.6,0
109733,480,66.67,24,41,17,83,0,29,1
109733,381,60.1,8,60,25,75,0,35.4,3
109733,761,6.83,13,7,64,36,0,2,3
109733,557,74.06,94,3,0,100,0,2.3,51
109733,404,25.99,18,20,51,49,0,9.4,29
109733,1176,71.26,96,2,1,99,0,0.3,313
2971,856,67.76,35,4,57,43,0,0,6
2971,679,86.6,32,5,58,42,0,0.7,94
2971,719,86.65,42,3,50,50,0,1.7,131
2971,674,86.65,31,4,60,40,1,4.6,30
2971,43,93.02,35,0,56,44,0,0,90
1157,555,85.95,70,18,8,92,2,9.9,68
1157,329,42.86,78,13,7,93,2,3.3,144
1157,265,40,71,19,7,93,1,1.1,32
1157,8,62.5,75,13,13,87,0,0,5
18675,982,94.45,94,2,3,97,0,0,476
18675,662,88.84,90,2,4,96,0,1.8,62
18675,673,72.22,85,4,7,93,0,0,29
18675,581,62.5,98,1,1,99,0,0,10
18675,816,78.74,92,4,2,98,0,2.9,197
18675,485,92.01,99,0,0,100,0,0,4
18675,587,90.61,96,1,2,98,0,0.7,36
18675,472,94.49,94,1,4,96,0,0,27
18675,1546,84.15,96,0,2,98,0,0,284
18675,1089,89.6,97,1,1,99,0,0.6,228
18675,1139,89.6,91,4,3,97,0,1.1,319
18675,1810,92.99,92,3,4,96,0,0,77
18675,2113,87.38,89,1,6,94,0,0,74
18675,477,61.79,90,5,4,96,1,4.2,93
18675,1201,56.15,49,2,41,59,0,3.1,37
18675,685,60.52,93,1,4,96,0,0,216
18675,628,94.46,84,6,7,93,0,3.8,21
18675,1357,62.71,87,1,8,92,0,0.2,213
18675,400,94.32,69,21,7,93,0,12.8,18
18675,541,92.91,81,8,9,91,0,3.9,18
18675,431,74.23,98,0,0,100,0,0,5
31273,1445,43.25,57,11,24,76,0,0.9,138
31273,569,71,43,21,29,71,0,1.4,87
31273,593,84.15,73,18,5,95,0,8.8,177
31273,681,69.31,38,18,36,64,0,5.7,48
31273,865,68.55,76,12,7,93,0,1.3,256
31273,524,55.15,31,15,47,53,0,2.3,85
31273,860,61.4,41,19,32,68,0,1.9,116
31273,1551,72.73,51,30,15,85,0,4.3,719
31273,664,62.8,54,16,22,78,0,6.2,37
31273,496,31.65,10,8,75,25,0,0,24
31273,460,70.22,31,20,40,60,0,8.7,27
31273,1828,38.24,28,10,56,44,0,0.7,97
31273,740,78.24,57,22,13,87,0,4.9,300
31273,588,24.66,9,4,80,20,0,0.7,0
31273,468,78.21,66,15,12,88,0,9.2,71
31273,575,44.87,57,12,22,78,0,3.8,37
31273,828,70.53,80,10,6,94,0,6.9,203
31273,1416,55.47,61,11,18,82,0,4.1,57
31273,1633,62.71,79,11,6,94,0,1.2,334
31273,659,78.15,65,14,14,86,0,6.2,41
31273,490,82.45,50,28,13,87,0,21,74
31273,404,49.26,44,10,34,66,0,6.4,26
31273,416,90.14,75,11,8,92,0,10.8,88
31273,802,37.03,61,9,26,74,0,0,38
31273,3385,91.29,68,20,8,92,0,13.3,41
31273,57,37.53,35,2,49,51,0,0,0
31273,434,68.66,29,28,35,65,0,15.2,18
31273,452,75,30,42,21,79,0,26.3,52
31273,780,82.18,44,37,14,86,0,5.9,166
31273,528,83.9,34,43,20,80,0,24.2,9
31273,2024,50.8,62,12,17,83,0,0.8,161
31273,1946,63.72,67,13,14,86,0,0.6,462
31273,1047,70.02,59,17,13,87,0,8.1,102
31273,603,83.42,79,13,3,97,0,2.7,251
31273,462,84.63,53,31,10,90,0,20.6,84
1928,845,53.56,71,2,23,77,0,0,127
1928,454,85.92,73,2,22,78,1,0,121
1928,629,86.86,66,3,29,71,1,0,123
809,598,91.3,3,49,45,55,20,22.1,13
809,211,91.47,2,37,57,43,14,4.7,6
12736,619,55.09,28,5,61,39,0,0.8,104
12736,731,29.96,5,8,81,19,0,1.2,11
12736,669,42.3,22,8,62,38,0,2.5,46
12736,801,25.97,12,8,71,29,0,2.1,4
12736,619,51.53,16,7,74,26,0,1.5,49
12736,1241,54.84,7,6,81,19,0,2.7,35
12736,1632,28.13,11,8,76,24,0,0.4,234
12736,982,34.62,16,10,67,33,0,0.8,169
12736,982,52.95,24,6,64,36,0,0.2,340
12736,707,37.91,10,8,76,24,0,2.4,9
12736,1048,31.2,8,9,78,22,0,0.7,125
12736,1834,38.28,20,7,69,31,0,0.4,498
12736,871,42.71,21,10,60,40,0,2.4,51
2882,930,93.12,37,10,49,51,0,1.1,90
2882,802,55.86,31,11,55,45,0,1.1,79
2882,481,93.14,35,10,48,52,0,4.4,24
2882,669,93.12,38,10,46,54,0,5.2,50
4021,542,86.9,29,5,63,37,0,2.4,21
4021,710,86.76,46,9,42,58,0,0.7,87
4021,734,86.78,47,11,39,61,0,0.8,283
4021,672,86.76,47,10,40,60,1,7.3,63
4021,712,86.8,48,9,39,61,1,3.8,84
4021,651,86.79,29,3,64,36,0,0.6,50
1782,887,92.91,37,25,34,66,2,19.8,102
1782,27,92.33,41,22,37,63,9,3.7,18
1782,449,93.71,35,24,36,64,1,4.2,37
1782,419,78.15,32,27,39,61,2,4.3,52
4069,918,49.35,0,5,92,8,0,0.4,124
4069,724,58.43,0,4,94,6,0,0.3,7
4069,373,68.9,0,3,94,6,1,1.1,0
4069,480,62.92,1,9,89,11,1,4.4,4
4069,1574,57.31,0,6,92,8,1,2.6,1
21241,777,46.14,38,19,32,68,0,7.3,19
21241,746,13.54,20,9,61,39,0,2.7,7
21241,584,13.18,16,8,63,37,0,3.9,5
21241,1428,13.24,20,8,63,37,0,0.2,64
21241,971,45.42,58,14,17,83,0,1.8,62
21241,653,25.42,27,10,54,46,0,3.1,25
21241,1196,13.71,11,12,62,38,0,3,48
21241,575,25.39,5,20,63,37,0,9.9,1
21241,630,55.56,65,15,9,91,0,8.1,39
21241,1748,9.27,10,11,62,38,0,2.1,69
21241,1406,23.16,13,16,49,51,0,11.6,1
21241,510,5.49,3,6,81,19,0,2.5,1
21241,1127,34.96,59,16,17,83,0,2.3,147
21241,629,18.76,17,12,45,55,0,10.8,4
21241,1385,5.99,9,7,75,25,0,0.9,35
21241,716,7.68,4,9,78,22,0,2.2,1
21241,540,53.15,42,29,19,81,0,18,8
21241,687,57.35,50,16,19,81,0,8.4,37
21241,947,9.61,11,9,69,31,0,2,22
21241,871,20.78,23,7,62,38,0,0,37
21241,1398,37.55,57,13,16,84,0,1.9,197
21241,445,48.76,62,13,16,84,0,3.6,10
21241,803,44.83,57,19,17,83,0,4.5,52
21241,469,12.15,9,12,54,46,0,11.9,0
9216,497,68.21,7,3,84,16,0,0.8,7
9216,593,68.13,9,22,63,37,0,3.9,85
9216,880,68.18,6,10,80,20,0,1.3,31
9216,690,68.26,6,4,87,13,0,0.4,38
9216,96,68.75,14,23,56,44,0,19.8,17
9216,481,68.19,3,4,91,9,0,4.2,51
9216,417,68.11,4,5,86,14,0,2.2,34
9216,581,67.64,5,8,83,17,0,3.6,19
9216,574,68.12,7,3,86,14,0,0.7,51
9216,686,68.22,7,10,79,21,0,1.5,123
9216,422,68.01,3,6,85,15,0,1.9,42
9216,523,71.7,3,4,89,11,0,0.6,24
9216,403,67.99,7,35,50,50,0,26.6,17
9216,607,68.2,13,18,64,36,0,9.4,7
9216,241,68.05,5,2,87,13,0,0.8,2
9216,389,68.12,4,4,85,15,0,3.1,14
9216,416,68.03,4,4,89,11,0,4.1,36
9216,720,68.33,13,20,62,38,0,1.7,48
53085,1034,6.96,6,6,34,66,0,7,9
53085,1206,21.72,2,15,78,22,0,6,72
53085,930,59.89,4,55,38,62,1,39,52
53085,1683,10.15,4,6,61,39,0,2.5,8
53085,1478,5.09,4,6,34,66,0,1.6,42
53085,1284,8.49,3,10,36,64,0,7.9,85
53085,2561,9.61,3,11,77,23,0,0.6,122
53085,1008,44.79,4,5,18,82,0,9.5,36
53085,681,22.17,3,20,56,44,0,12.6,60
53085,748,21.12,7,11,71,29,0,8.3,36
53085,2600,5.81,3,7,61,39,0,0.9,84
53085,2183,37.63,2,23,69,31,0,12.6,209
53085,2539,18.83,3,14,79,21,0,1.2,227
53085,1203,6,3,3,17,83,0,4.7,5
53085,1222,5.81,3,7,64,36,0,3.4,2
53085,1241,5.08,3,8,72,28,0,0.4,28
53085,1342,39.34,5,33,52,48,0,9.9,104
53085,1423,19.54,4,18,66,34,0,9.9,19
53085,1224,36.03,2,18,76,24,0,10,34
53085,897,35.56,1,20,75,25,0,2.6,157
53085,1047,5.06,4,7,46,54,0,6.1,13
53085,1314,28.46,8,23,44,56,0,19.7,227
53085,2988,6.76,4,5,57,43,0,0.9,62
53085,1038,6.94,2,7,64,36,0,4.5,4
53085,1924,8.66,3,8,61,39,0,1.2,70
53085,58,21.28,0,3,90,10,0,0,0
53085,2159,16.19,4,15,75,25,0,0.4,48
53085,1078,16.23,5,10,78,22,0,3.6,60
53085,1151,6.78,3,9,73,27,0,3.9,15
53085,1000,7.6,3,9,42,58,0,2,13
53085,1176,19.47,6,13,74,26,0,0.5,112
53085,1302,15.23,2,6,50,50,0,0.5,19
53085,1187,31.93,12,27,25,75,0,25.1,64
53085,924,24.89,10,25,34,66,0,7.6,66
53085,496,10.89,4,12,48,52,0,0,11
53085,1335,15.96,8,20,44,56,0,4,95
53085,726,16.56,3,6,31,69,0,6.6,39
53085,1144,15.13,5,17,32,68,0,16.1,1
53085,2551,26.15,3,25,64,36,0,4,197
3570,859,55.41,9,9,75,25,1,2,99
3570,258,51.84,4,7,86,14,1,0.8,1
3570,522,65.13,13,11,69,31,1,7.1,29
3570,271,53.51,3,6,85,15,0,2.6,0
3570,1068,44.19,9,7,81,19,1,0.7,79
3570,592,66.05,15,14,66,34,0,7.9,14
98622,717,9.37,6,5,79,21,0,0,12
98622,613,11.26,13,10,38,62,0,8,22
98622,924,5.09,7,8,26,74,0,8.4,14
98622,567,45.33,10,38,38,62,0,23.6,15
98622,376,23.4,19,18,46,54,0,9.3,13
98622,1427,13.31,16,12,54,46,0,1.6,36
98622,2367,11.41,10,13,62,38,0,1.8,65
98622,1298,69.88,89,9,1,99,0,1.6,107
98622,581,91.62,93,3,1,99,0,0,6
98622,722,78.18,95,3,1,99,0,0,55
98622,841,56.72,90,5,4,96,0,1,8
98622,564,74.65,87,10,1,99,0,1.2,24
98622,2054,5.26,9,8,70,30,0,0,15
98622,3278,70.13,19,55,20,80,0,35.2,26
98622,1572,92.91,95,3,1,99,0,0,436
98622,805,9.69,10,8,48,52,0,6.8,2
98622,932,13.63,15,9,69,31,0,0,28
98622,590,92.09,87,9,1,99,0,0,163
98622,697,7.17,11,11,55,45,0,2.9,25
98622,1553,92.91,95,3,0,100,0,0,488
98622,736,6.25,11,10,39,61,0,5.3,5
98622,2221,22.15,13,22,57,43,0,4,95
98622,580,78.07,32,61,4,96,0,36,56
98622,766,20.38,3,7,66,34,0,3.7,10
98622,557,18.67,11,14,39,61,0,11.8,6
98622,701,22.68,12,20,55,45,0,11,12
98622,1940,33.97,24,27,40,60,0,5,121
98622,657,53.12,93,2,1,99,0,0,27
98622,443,34.54,25,23,43,57,0,10.2,9
98622,1778,5.74,13,5,25,75,0,2.2,68
98622,329,70.82,86,10,2,98,0,2.1,48
98622,2268,11.42,19,12,43,57,0,1.8,66
98622,742,69.22,91,6,1,99,0,3.4,59
98622,530,63.77,50,27,13,87,0,20.8,47
98622,524,32.44,85,6,6,94,0,0,5
98622,608,78.77,94,4,1,99,0,0,60
98622,697,65.19,94,4,0,100,0,0,161
98622,659,93.75,81,16,2,98,0,10.9,32
98622,670,54.63,22,41,28,72,0,8.8,62
98622,1095,48.58,17,48,30,70,0,10,205
98622,1668,92.19,91,7,0,100,0,2.7,398
98622,1787,69.5,89,8,1,99,0,0,500
98622,394,57.25,75,16,5,95,0,7.1,42
98622,559,6.08,10,11,40,60,0,5.2,1
98622,731,12.18,11,6,49,51,0,5.2,22
98622,731,38.71,4,6,82,18,0,2.1,8
98622,875,31.43,22,21,23,77,0,26.7,20
98622,1063,20.33,93,6,0,100,0,4.9,81
98622,1032,44.77,10,45,39,61,0,11,62
98622,860,10.12,14,12,48,52,0,7.4,13
98622,1424,9.27,11,9,47,53,0,2.2,14
98622,20,70.05,50,10,35,65,0,0,0
98622,1421,35.73,6,9,78,22,0,2,4
98622,164,93.52,88,8,1,99,0,0,62
98622,683,30.45,20,22,48,52,0,2.5,41
98622,211,50.24,21,51,24,76,0,0,28
98622,523,69.22,96,1,0,100,0,0,39
98622,1975,73.61,87,9,2,98,0,1.8,246
98622,1960,8.67,12,11,46,54,0,1.7,21
98622,631,33.91,22,25,42,58,0,11.7,2
98622,617,6,8,5,22,78,0,8.3,8
98622,1282,7.02,11,5,23,77,0,3,7
98622,798,13.03,15,6,20,80,0,13.3,15
98622,694,45.24,42,14,22,78,0,11.5,46
98622,601,10.15,12,7,36,64,0,15.6,9
98622,1186,9.27,11,10,40,60,0,3.4,12
98622,641,85.57,82,16,1,99,0,11.9,43
98622,683,73.43,91,7,0,100,0,0,4
98622,894,58.05,95,3,0,100,0,0,197
98622,1358,11.12,14,12,44,56,0,2.2,26
98622,1284,6.62,8,9,66,34,0,0,98
98622,953,60.02,48,27,19,81,0,6.7,123
98622,467,86.51,75,21,1,99,0,3,87
98622,1509,84.08,66,30,1,99,0,6.8,256
98622,695,12.52,8,12,43,57,0,7.2,34
98622,1671,38.71,34,14,13,87,0,21.6,12
98622,838,92.91,63,34,1,99,0,7.4,375
98622,733,92.66,4,91,3,97,0,68.2,11
98622,2127,9.07,10,8,54,46,0,2.2,54
98622,655,64.73,98,1,1,99,0,0,58
98622,515,14.17,11,11,61,39,0,7,6
98622,825,16.36,9,12,71,29,0,3.3,7
98622,1952,67.83,88,9,1,99,0,3.3,402
98622,717,35.73,3,4,86,14,0,0,4
98622,606,76.07,46,36,9,91,0,24.4,44
98622,714,92.94,92,6,0,100,0,5.7,147
98622,455,77.14,24,56,17,83,0,31.2,47
98622,707,59.12,95,2,1,99,0,0,25
98622,561,29.3,18,5,43,57,0,3.7,9
98622,246,20.33,90,8,0,100,0,0.4,9
98622,4,64.66,25,0,75,25,0,0,0
98622,570,77,95,3,0,100,0,0,53
98622,678,82.47,71,26,1,99,0,13.4,57
98622,460,78.77,95,3,0,100,0,0,42
98622,748,35.73,6,5,80,20,0,0,8
98622,446,65.4,93,4,0,100,0,0,67
98622,409,91.99,63,33,3,97,0,25.9,15
98622,1738,34.7,25,36,34,66,0,5.7,129
98622,677,42.69,22,34,35,65,0,20.4,40
98622,724,87.29,12,80,5,95,0,59.4,22
98622,1532,46.87,50,20,25,75,0,5,104
98622,783,73.56,84,11,1,99,0,4.9,38
98622,568,94.5,60,35,2,98,0,26.4,132
98622,537,94.79,87,10,0,100,0,8.4,85
98622,2073,47.52,97,2,0,100,0,0,309
4048,450,68,1,28,70,30,1,19.1,7
4048,625,62.4,0,27,72,28,1,8.8,58
4048,675,68.3,0,27,71,29,1,8,31
4048,441,77.7,0,37,61,39,2,28.8,6
4048,1233,51.01,0,26,73,27,1,5.7,67
4048,624,70.99,0,31,67,33,1,22.9,11
202,202,69.31,7,2,87,13,0,0,3
12762,771,69.39,31,16,47,53,0,10,42
12762,38,91.97,50,3,45,55,0,2.6,0
12762,847,53.96,31,14,51,49,0,2.8,121
12762,822,69.95,36,13,46,54,0,2.3,188
12762,667,60.72,35,9,52,48,0,1.8,90
12762,629,82.03,31,25,38,62,0,21.6,76
12762,654,65.6,35,13,45,55,0,9.2,38
12762,532,26.5,13,11,72,28,0,2.8,16
12762,782,45.4,15,4,75,25,0,1.7,30
12762,659,62.67,37,14,39,61,0,3.2,148
12762,665,49.77,22,11,59,41,0,4.2,25
12762,459,94.34,60,18,13,87,0,11.3,34
12762,545,48.62,21,14,60,40,0,9.9,35
12762,1774,54.4,38,12,43,57,0,3.3,287
12762,530,85.94,84,12,3,97,0,8.5,173
12762,1923,40.15,28,11,57,43,0,1.8,368
12762,465,92.9,69,17,7,93,0,15.1,63
6308,1083,48.01,2,10,84,16,0,1,72
6308,603,54.56,2,16,77,23,0,7.3,4
6308,878,54.56,1,10,86,14,0,1.1,44
6308,523,74.38,2,27,68,32,0,11.7,23
6308,489,63.19,2,15,78,22,0,9.8,2
6308,408,70.1,1,17,77,23,0,6.4,15
6308,867,58.71,2,25,70,30,0,3.8,32
6308,649,72.57,2,26,68,32,1,4.2,65
6308,446,68.61,1,27,67,33,0,15.9,10
6308,362,69.89,2,5,89,11,1,2.8,5
9290,702,90.17,46,26,26,74,2,4.3,207
9290,3385,90.18,42,24,28,72,1,16.1,39
9290,1254,90.11,36,17,45,55,0,2.5,300
9290,448,90.18,16,6,75,25,0,1.6,13
9290,2113,90.14,30,62,6,94,3,42.2,20
9290,899,90.05,42,27,28,72,2,20.4,107
9290,489,90.18,6,13,76,24,0,3.9,25
2427,337,94.32,72,16,9,91,1,4.5,70
2427,966,13.04,11,10,72,28,0,3.5,36
2427,253,92.93,60,15,21,79,0,7.5,14
2427,449,91.99,68,20,6,94,1,9.4,63
2427,422,93.26,73,12,13,87,0,1.4,135
190049,819,48.84,30,29,22,78,0,15.4,29
190049,3064,37.53,50,15,26,74,0,1.1,254
190049,3180,63.21,28,48,14,86,0,7.1,638
190049,3710,19.46,19,15,53,47,0,0.9,418
190049,2176,48.94,26,25,24,76,0,5.4,207
190049,1198,76.54,31,50,8,92,0,31.7,24
190049,1288,79.26,57,26,10,90,0,20,90
190049,3055,42.06,26,21,29,71,0,4.6,344
190049,607,29.32,23,14,39,61,0,9.7,9
190049,3585,29.46,29,16,34,66,0,1.2,322
190049,836,54.19,17,40,22,78,0,29.3,59
190049,2249,68.56,72,17,4,96,0,1.7,316
190049,1261,55.75,34,33,25,75,0,7,188
190049,3289,78.02,20,69,2,98,0,12.6,303
190049,2962,81.1,33,49,7,93,0,9.4,508
190049,681,31.89,31,54,9,91,0,0,60
190049,2183,44.64,34,22,23,77,0,14.1,120
190049,1114,46.5,27,21,41,59,0,10.3,100
190049,1467,43.86,18,32,30,70,0,18.7,15
190049,995,31.86,26,16,38,62,0,9.1,32
190049,3023,41.12,29,30,23,77,0,4.5,249
190049,1284,37.69,32,17,42,58,0,9.7,192
190049,3539,49.65,32,30,22,78,0,4.7,199
190049,1402,27.39,31,12,34,66,0,1.4,97
190049,878,90.66,18,74,3,97,0,50.7,62
190049,848,27.83,23,21,40,60,0,12.6,23
190049,1703,20.38,18,12,59,41,0,0.9,67
190049,1186,88.79,27,64,3,97,0,49.2,61
190049,757,34.08,30,14,45,55,0,5.8,13
190049,1421,40.75,17,28,43,57,0,3.9,105
190049,899,58.51,52,20,18,82,0,13.3,27
190049,874,66.48,19,46,18,82,0,33.4,20
190049,1580,90.89,26,63,2,98,0,15.8,156
190049,1183,36.86,28,18,32,68,0,1.6,70
190049,1108,88,25,59,3,97,0,44.9,33
190049,694,68.73,60,26,5,95,0,15.3,74
190049,1825,73.53,67,21,4,96,0,3.3,383
190049,1202,89.6,14,75,3,97,0,53.3,51
190049,2491,26.46,29,11,35,65,0,10,19
190049,1076,75.65,70,17,8,92,0,12.1,60
190049,1005,83.68,25,58,4,96,0,42.3,38
190049,1070,60.37,38,35,15,85,0,21.5,50
190049,719,73.3,64,18,8,92,0,16,50
190049,1171,91.2,18,72,3,97,0,62.6,20
190049,651,29.34,17,22,50,50,0,11.4,9
190049,1117,42.08,17,25,41,59,0,13.5,24
190049,1301,29.36,27,13,18,82,0,4.8,107
190049,919,33.73,24,14,13,87,0,18.8,20
190049,714,81.93,40,53,3,97,0,31.4,40
190049,1187,90.4,20,67,3,97,0,13.1,225
190049,1218,28.74,17,18,48,52,0,15.7,9
190049,1039,71.32,79,11,4,96,0,6.2,105
190049,980,33.47,24,16,33,67,0,11.2,8
190049,1691,49.38,43,23,26,74,0,4,245
190049,981,52.5,22,26,15,85,0,34.8,23
190049,333,58.26,57,20,15,85,0,2.1,459
190049,993,79.46,41,39,8,92,0,27.3,57
190049,673,49.33,39,21,26,74,0,15.2,18
190049,814,80.1,43,33,15,85,0,24,49
190049,3278,60.22,27,38,15,85,0,30.8,55
190049,1139,70.5,57,23,15,85,0,11,118
190049,701,62.91,72,14,5,95,0,9.3,17
190049,1654,9.77,10,6,51,49,0,10.1,7
190049,960,32.5,19,19,45,55,0,1.5,33
190049,824,14.81,13,9,67,33,0,3.2,10
190049,873,7.1,7,7,71,29,0,1.6,0
190049,802,87.66,30,58,4,96,0,39.3,30
190049,2148,43.76,47,18,29,71,0,2,140
190049,846,46.22,27,27,27,73,0,14.5,67
190049,783,56.58,16,44,31,69,0,28.6,45
190049,1224,48.28,55,15,20,80,0,7.4,48
190049,1464,37.91,45,14,34,66,0,4.2,62
190049,740,38.51,29,20,31,69,0,16.8,131
190049,752,18.48,18,11,20,80,0,16,22
190049,57,28.07,26,35,25,75,0,0,3
190049,3271,34.94,29,19,20,80,0,3,174
190049,1472,70.72,25,47,12,88,0,10.6,192
190049,1407,61.27,52,25,14,86,0,20.4,34
190049,1157,46.15,55,15,19,81,0,1.6,70
190049,1241,69.94,71,16,7,93,0,2.7,221
190049,828,85.99,33,55,4,96,0,37.6,62
190049,797,16.56,12,10,35,65,0,14.2,2
190049,843,84.1,52,35,9,91,0,29.9,75
190049,740,75,66,22,6,94,0,15.1,112
190049,640,30.94,27,13,29,71,0,13.8,45
190049,1868,34.64,19,26,43,57,0,1.9,128
190049,1098,10.88,22,10,18,82,0,0,8
190049,571,38.88,67,19,6,94,0,14.7,67
190049,2912,77.09,24,63,3,97,0,10.6,369
190049,852,42.49,32,22,33,67,0,9.9,52
190049,1764,90.19,15,74,3,97,0,21.5,235
190049,2057,91.74,13,79,2,98,0,59.5,18
190049,920,78.37,25,53,10,90,0,36.3,33
190049,1078,42.67,48,16,23,77,0,11,19
190049,961,79.29,38,41,12,88,0,7.5,277
190049,253,75.1,40,51,4,96,0,7.5,370
190049,999,57.86,29,36,14,86,0,5.6,111
190049,1338,24.29,17,12,58,42,0,5.2,8
190049,1058,38.94,45,16,26,74,0,1.9,52
190049,478,10.67,25,18,46,54,0,0,0
190049,345,62.9,79,15,3,97,0,5.5,6
190049,1137,79.77,30,42,17,83,0,27,57
190049,1387,19.37,13,15,58,42,0,6,3
190049,1021,6.76,9,5,53,47,0,6.5,4
190049,2660,32.93,27,23,35,65,0,2.2,285
190049,1394,88.16,22,69,2,98,0,14.7,203
190049,2225,10.88,11,8,47,53,0,2.3,54
190049,1174,78.79,30,51,5,95,0,41.5,66
190049,2103,38.61,28,22,34,66,0,2.4,116
190049,2743,36.53,45,14,34,66,0,1.4,185
190049,1004,45.42,21,29,34,66,0,16.1,50
190049,1077,81.06,35,49,6,94,0,44.5,33
190049,1232,89.53,19,73,3,97,0,60.8,29
190049,929,86.54,46,37,10,90,0,7,161
190049,2749,72.21,36,45,6,94,0,6.4,568
190049,859,42.03,37,22,19,81,0,4.4,137
190049,1050,88.95,12,78,3,97,0,59.1,16
190049,181,80.66,1,97,1,99,0,100,128
190049,614,68.4,25,50,14,86,0,4.9,103
190049,1201,82.68,22,62,5,95,0,46.6,23
190049,882,37.53,43,12,34,66,0,9.9,24
190049,1762,29.27,17,17,52,48,0,15.1,16
190049,1421,48.8,27,17,32,68,0,17,15
190049,940,70.64,72,16,6,94,0,2.3,187
190049,2568,64.91,74,15,5,95,0,2.7,496
190049,631,70.05,62,18,13,87,0,12.8,31
190049,811,64.12,23,38,16,84,0,32.3,30
190049,1290,29.3,22,14,40,60,0,11.6,20
190049,2123,75.6,45,36,9,91,0,6.4,367
190049,2224,44.33,42,22,28,72,0,2.2,418
190049,863,87.49,18,71,3,97,0,50.8,58
190049,1716,87.59,19,70,3,97,0,13.1,413
190049,3209,10.16,11,9,51,49,0,1.4,246
190049,643,87.56,47,38,8,92,0,24.9,17
190049,957,73.98,40,42,11,89,0,26.9,49
190049,650,15.23,12,10,41,59,0,11.1,1
190049,2755,53.36,29,38,15,85,0,7.3,360
190049,1403,86.96,12,68,5,95,0,59.1,34
6202,495,87.27,6,61,25,75,4,51.5,4
6202,499,63.73,2,32,62,38,1,24.8,11
6202,74,67.57,1,41,55,45,1,16.2,16
6202,377,55.17,2,8,83,17,0,6.9,5
6202,568,49.12,2,13,83,17,0,1.8,19
6202,477,62.68,1,24,67,33,2,14.9,11
6202,461,71.37,1,47,47,53,1,11.7,6
6202,357,85.99,4,65,24,76,2,50.7,2
6202,1398,49,3,31,61,39,1,5.4,24
6202,205,52.68,1,9,86,14,1,2.9,2
6202,976,48.41,0,9,87,13,0,3.4,15
6202,315,51.75,1,18,76,24,0,13.7,0
27871,821,42.02,7,28,58,42,0,3.7,132
27871,688,53.63,7,35,51,49,0,20.8,11
27871,1323,47.09,2,48,47,53,2,7.5,72
27871,643,79.94,3,79,14,86,2,63.6,14
27871,698,94.5,4,85,9,91,3,66.6,40
27871,599,42.24,3,60,34,66,1,30.6,7
27871,607,87.64,6,76,15,85,5,58.2,7
27871,1104,52.36,7,48,41,59,0,8.9,61
27871,761,18.79,3,13,79,21,0,6.8,15
27871,613,27.57,0,7,89,11,0,2.1,9
27871,630,53.17,7,22,66,34,0,13.5,76
27871,959,56.83,2,49,46,54,1,11.4,135
27871,1333,27.08,7,22,65,35,0,1.9,52
27871,592,31.08,1,4,94,6,1,0.8,9
27871,1040,71.25,8,55,33,67,1,13.5,177
27871,853,63.31,5,55,36,64,1,16.1,76
27871,867,35.41,0,15,83,17,2,3.6,35
27871,672,31.1,5,24,66,34,0,4,22
27871,704,26.99,8,24,64,36,0,2.7,15
27871,51,79.58,8,57,31,69,0,25.5,111
27871,237,37.55,4,55,39,61,0,8.4,3
27871,448,88.84,15,48,35,65,2,32.4,26
27871,1245,66.18,9,55,32,68,1,10.1,139
27871,1122,26.56,1,14,84,16,1,1.7,92
27871,564,43.62,10,24,62,38,0,14.4,41
27871,468,72.22,8,46,39,61,1,28.6,31
27871,462,52.6,1,28,66,34,1,14.1,15
27871,407,65.11,2,41,55,45,4,24.1,5
27871,725,32.14,4,19,71,29,0,9,7
27871,414,57.97,3,14,79,21,0,7.2,12
27871,592,51.69,3,27,68,32,0,10.8,24
27871,1085,72.26,4,65,26,74,3,20.7,112
27871,2212,68.45,5,70,22,78,1,14.9,80
27871,1339,94.5,0,97,3,97,3,80.8,11
27871,484,84.71,1,79,17,83,2,57.9,14
27871,509,91.94,2,83,13,87,2,54.4,10
1306,213,63.93,97,0,2,98,0,0,69
1306,858,87.76,94,1,3,97,0,0,28
1306,235,61.79,97,0,2,98,0,0,57
3172,349,70.77,3,2,92,8,0,0.3,1
3172,364,70.88,2,2,89,11,0,0.3,16
3172,785,70.96,3,3,89,11,0,0.3,54
3172,21,71.43,10,5,76,24,0,0,7
3172,341,70.97,1,2,92,8,0,0.3,3
3172,912,70.94,2,3,91,9,0,0.4,25
3172,400,71,2,4,91,9,0,0.8,4
5700,835,35.81,15,5,74,26,0,0.6,69
5700,449,58.57,31,5,58,42,0,0.9,14
5700,1025,26.99,12,4,80,20,0,0.6,3
5700,465,28.6,10,7,80,20,0,0,7
5700,453,29.58,9,6,77,23,0,0.9,0
5700,1665,31.59,17,6,72,28,0,0.2,172
5700,808,34.53,16,6,71,29,0,0.2,131
3429,569,59.05,9,10,74,26,0,3.5,35
3429,836,58.97,21,9,65,35,1,1.3,154
3429,538,62.83,20,9,64,36,1,5.9,10
3429,1012,52.96,25,8,62,38,0,1.2,140
3429,474,68.99,43,4,47,53,0,1.3,104
3085,481,58.84,7,3,83,17,0,0.6,68
3085,1703,67.33,8,4,82,18,0,0.7,21
3085,593,57.17,11,3,81,19,0,0.2,81
3085,174,49.43,3,2,91,9,0,1.1,4
3085,134,50.75,0,1,93,7,0,0,2
48786,982,28.31,25,7,61,39,0,0.4,15
48786,1547,21.78,35,6,50,50,0,0.1,114
48786,1244,44.13,67,11,13,87,0,1.2,166
48786,1659,41.11,76,7,5,95,0,1,174
48786,661,53.4,65,12,14,86,0,1.4,43
48786,773,42.3,72,8,7,93,0,3.9,64
48786,1671,53.25,51,11,27,73,0,1.7,62
48786,663,70.29,49,16,27,73,0,1.8,100
48786,766,77.02,79,10,4,96,0,2.9,82
48786,553,60.4,64,12,12,88,0,2.5,56
48786,903,65.32,47,14,25,75,0,4.4,75
48786,1047,58.14,54,12,28,72,0,3.4,20
48786,650,25.69,38,5,44,56,0,1.8,32
48786,1173,50.64,75,9,5,95,0,2.2,96
48786,1145,27.56,35,7,50,50,0,2.1,3
48786,636,65.72,66,14,12,88,0,2.5,50
48786,1161,39.82,63,8,19,81,0,0.9,85
48786,679,53.46,52,10,32,68,0,1.8,63
48786,1039,47.83,29,9,57,43,0,0.2,165
48786,1436,36.84,26,9,60,40,0,0.3,67
48786,949,59.01,56,11,28,72,0,1.1,126
48786,685,80.44,72,15,5,95,0,6.3,199
48786,339,67.26,67,12,14,86,0,1.8,46
48786,1485,59.66,73,13,9,91,0,0.6,197
48786,1262,55.86,70,9,7,93,0,1.1,55
48786,781,45.2,18,9,68,32,0,1.9,91
48786,1656,23.37,23,6,68,32,0,0.1,127
48786,1668,53.67,56,12,25,75,0,0.7,122
48786,1197,52.38,58,11,27,73,0,0.6,113
48786,1438,50.56,74,10,7,93,0,0.5,288
48786,1070,63.27,73,11,9,91,0,0.6,165
48786,651,65.75,80,9,8,92,0,0.8,98
48786,746,56.3,69,12,3,97,0,5.4,89
48786,708,34.18,11,7,75,25,0,1.6,47
48786,2993,44.4,61,10,22,78,0,0.7,132
48786,798,73.43,75,8,11,89,0,1.4,82
48786,653,50.38,55,13,21,79,0,2.1,124
48786,1255,27.73,23,7,65,35,0,0,82
48786,800,31.63,15,7,72,28,0,0.6,31
48786,936,51.39,73,9,10,90,0,0.5,98
48786,1040,27.12,41,7,41,59,0,0.4,106
48786,131,57.25,69,5,21,79,0,0,132
48786,976,68.47,74,18,4,96,0,5,69
48786,356,70.22,40,19,32,68,0,5.6,43
48786,313,81.15,62,26,5,95,0,10.2,41
48786,1070,93.27,80,9,7,93,0,0.8,226
48786,539,73.65,59,25,9,91,0,10,78
48786,776,59.89,79,10,6,94,0,0.9,134
48786,407,64.62,45,15,32,68,0,1.5,53
48786,720,72.78,57,18,17,83,0,2.8,220
37102,727,56.26,36,12,39,61,0,9.4,49
37102,434,89.98,60,14,15,85,0,6.7,18
37102,626,29.07,22,15,47,53,0,10.1,25
37102,628,42.2,30,10,46,54,0,3.7,12
37102,818,58.61,60,11,22,78,0,2.1,190
37102,734,29.02,24,8,59,41,0,1.8,63
37102,1659,27.06,26,7,60,40,0,0,57
37102,137,80.44,64,7,23,77,0,0,305
37102,739,41.27,21,7,64,36,0,3.2,64
37102,446,63.38,64,14,16,84,1,6.3,57
37102,2113,49.9,63,7,24,76,0,0,53
37102,1905,27.51,28,9,50,50,0,1.8,28
37102,661,45.33,34,8,48,52,0,2,14
37102,686,44.02,26,10,52,48,0,3.5,14
37102,935,37.54,36,7,42,58,0,0,53
37102,737,29.17,23,8,61,39,0,0,8
37102,864,51.5,36,5,53,47,0,0,82
37102,779,68.55,48,10,31,69,0,0,154
37102,620,28.23,25,10,47,53,0,7.7,30
37102,1041,27.47,22,8,62,38,0,0,54
37102,651,45.62,23,8,61,39,0,0.2,82
37102,811,24.17,17,7,68,32,0,0,16
37102,899,60,54,13,26,74,0,3.8,387
37102,1367,47.11,34,5,56,44,0,0,173
37102,1288,69.44,37,11,45,55,0,2.9,186
37102,3322,64.92,50,11,31,69,0,1.8,252
37102,1810,46.14,66,4,23,77,0,0,103
37102,3186,67.36,58,20,15,85,0,13.5,89
37102,623,92.09,63,16,14,86,0,9.3,82
37102,442,67.57,34,4,56,44,0,0,19
37102,500,36,16,6,74,26,0,0,37
37102,227,94.42,70,21,5,95,0,13.7,57
37102,1253,60,41,13,35,65,0,9.1,21
37102,1612,64.45,54,11,28,72,0,2.6,136
37102,491,57.69,55,13,24,76,0,6.1,41
37102,496,93.33,43,6,41,59,0,0,47
37102,835,56.97,44,13,34,66,0,1.7,230
1627,417,76.26,34,6,59,41,1,0,38
1627,736,87.91,31,5,60,40,0,0,11
1627,474,76.37,32,5,61,39,0,0,53
6393,880,37.16,6,15,68,32,0,7.6,78
6393,635,62.68,5,18,73,27,1,10.4,41
6393,1250,57.44,8,19,68,32,0,2,184
6393,555,67.57,7,17,71,29,1,3.4,53
6393,796,23.49,2,7,82,18,0,4.3,32
6393,1084,32.84,5,12,77,23,0,2.4,119
6393,317,81.39,5,17,72,28,1,12.3,66
6393,341,51.03,6,17,65,35,1,10,32
6393,535,64.67,8,19,67,33,0,13.3,183
2262,530,68.87,25,7,63,37,0,5.1,19
2262,670,55.37,23,7,67,33,0,1.2,46
2262,507,87.77,19,7,68,32,1,4.9,0
2262,555,64.14,23,7,65,35,0,1.3,133
2919,695,84.6,13,25,57,43,2,19.6,99
2919,682,84.6,12,23,62,38,3,4.8,147
2919,679,84.68,15,23,59,41,3,14.1,52
2919,863,55.04,15,21,62,38,1,3.7,87
2354,781,92.93,68,4,25,75,0,0.9,170
2354,288,77.23,80,8,11,89,0,1,24
2354,231,73.56,56,9,32,68,0,0.9,30
2354,190,92,85,5,8,92,0,4.2,7
2354,414,92.87,74,6,18,82,0,1.4,4
2354,450,92.94,56,12,29,71,0,4.4,1
1093,270,78.15,53,7,39,61,0,0.7,57
1093,305,65.11,58,3,37,63,0,0,48
1093,518,84.3,51,10,36,64,1,8.3,17
1078,270,90.37,41,3,54,46,0,0,70
1078,455,90.11,41,4,52,48,0,0,1
1078,353,90.08,42,3,52,48,0,0,118
5036,600,59.83,35,1,60,40,0,0,49
5036,611,72.01,37,1,58,42,0,0.5,27
5036,664,40.81,21,2,74,26,0,0,19
5036,556,43.71,12,3,82,18,0,0,6
5036,1548,37.53,26,2,69,31,0,0,79
5036,535,42.99,15,2,79,21,0,0.4,0
5036,522,47.7,29,1,63,37,0,0,11
2536,597,74.71,35,3,57,43,0,0.2,73
2536,751,55.53,33,3,60,40,0,0.7,83
2536,608,60.03,30,4,60,40,0,0.3,142
2536,580,90.86,32,2,59,41,0,1.2,10
1636,373,92.86,28,7,61,39,2,2.4,110
1636,458,36.61,26,7,60,40,1,1.5,112
1636,435,86.65,27,8,61,39,1,0.9,43
1636,370,92.02,22,7,65,35,2,0.8,62
6258,926,84.99,21,4,72,28,1,3.1,76
6258,547,85.01,41,7,48,52,0,4.9,72
6258,534,85.02,36,6,53,47,1,2.6,150
6258,1214,44.56,26,4,68,32,1,0.2,163
6258,622,85.05,43,4,50,50,0,0.6,115
6258,876,85.05,25,1,68,32,0,1.6,83
6258,531,84.93,37,5,54,46,1,0.6,210
6258,1008,50.5,24,4,69,31,0,1.1,181
6213,849,49,22,3,68,32,0,0,161
6213,703,51.64,19,4,69,31,0,3.7,10
6213,694,44.67,21,3,69,31,0,0.9,138
6213,703,50.64,20,4,69,31,0,6.3,12
6213,1353,33.11,25,3,66,34,0,0.8,58
6213,681,51.84,24,2,67,33,0,0,9
6213,499,40.08,25,5,63,37,0,0.4,43
6213,731,46.92,24,3,67,33,0,0,17
12013,619,64.3,54,20,15,85,0,0.2,61
12013,770,63.64,43,10,38,62,0,0,55
12013,2413,68.66,43,6,43,57,0,0,50
12013,1611,66.54,56,14,19,81,0,1.1,206
12013,609,77.5,65,11,13,87,0,0,43
12013,1339,81.17,59,14,14,86,0,0,71
12013,664,65.21,48,18,21,79,0,6.5,20
12013,1127,56.97,51,9,30,70,0,0.3,160
12013,710,63.38,44,15,29,71,0,3.1,48
12013,724,78.59,61,12,14,86,0,0,261
12013,625,79.04,60,12,17,83,0,0,67
12013,802,72.94,52,16,21,79,0,3.6,176
1067,257,69.26,38,3,56,44,0,0,15
1067,340,59.41,34,2,61,39,0,0,16
1067,470,71.7,40,1,57,43,0,0,28
3582,813,76.38,23,15,53,47,3,6.2,23
3582,958,72.03,28,16,47,53,4,2.9,78
3582,878,75.63,28,17,46,54,4,2.4,168
3582,933,77.6,27,17,45,55,3,5,20
13076,722,51.11,34,9,48,52,0,2.4,22
13076,3186,39.62,22,6,64,36,1,2.7,22
13076,771,46.82,31,10,51,49,0,0.6,117
13076,548,81.2,19,14,63,37,3,6,5
13076,737,39.89,12,7,74,26,0,2,15
13076,681,51.4,27,14,50,50,0,0.9,5
13076,611,81.34,19,24,51,49,2,8.3,20
13076,835,65.87,22,12,61,39,1,0.7,172
13076,918,33.66,16,6,72,28,0,0.3,79
13076,1201,59.88,20,9,66,34,1,3.5,21
13076,2866,39.57,24,9,61,39,0,0.3,306
3818,1128,40.69,2,9,86,14,0,1.1,138
3818,743,46.03,0,9,89,11,0,3.6,13
3818,460,57.61,2,5,90,10,0,1.5,2
3818,932,47.53,1,8,87,13,0,0.3,163
3818,555,54.23,2,6,88,12,0,4.3,11
1210,535,90.14,78,12,7,93,3,6.4,108
1210,268,91.94,82,9,7,93,4,4.5,219
1210,407,94.39,85,9,5,95,2,1.2,115
4814,535,66.73,19,17,54,46,1,9.5,29
4814,441,66.67,2,6,86,14,1,2.7,27
4814,435,65.06,15,19,58,42,0,8.7,2
4814,1132,60.51,9,11,72,28,0,1.5,189
4814,411,57.66,9,4,73,27,1,6.6,14
4814,431,58.47,4,5,86,14,0,1.9,2
4814,1429,52.76,9,12,73,27,0,2.2,146
1285,576,91.84,32,13,51,49,1,4.9,43
1285,709,91.82,33,13,51,49,1,4.5,75
3662,875,93.26,57,5,34,66,0,0.3,699
3662,473,93.23,70,4,23,77,0,1.3,122
3662,401,93.27,72,3,22,78,0,0.7,17
3662,435,93.33,24,11,57,43,0,3,17
3662,1037,65,53,4,39,61,0,0.6,403
3662,441,93.2,68,3,24,76,0,1.8,113
1250,311,85.53,43,3,49,51,0,0,60
1250,368,85.6,40,2,52,48,0,0.3,115
1250,571,85.46,43,3,47,53,0,0.2,26
3199,286,91.96,47,8,39,61,0,3.1,30
3199,256,92.19,71,5,20,80,0,1.2,54
3199,1408,91.95,52,2,39,61,0,0.8,166
3199,10,65.4,70,10,10,90,0,0,0
3199,280,92.14,71,3,24,76,0,0,60
3199,234,91.88,62,6,28,72,0,0,65
3199,411,91.97,58,1,37,63,0,0,41
3199,314,92.04,54,3,37,63,0,1,106
863,371,90.57,40,2,55,45,0,1.3,12
863,267,90.64,37,3,57,43,0,0.7,35
863,225,90.67,39,4,54,46,0,1.3,21
2160,820,62.92,18,6,73,27,0,0.6,17
2160,337,89.6,80,9,9,91,2,3.6,0
2160,334,62.1,82,8,8,92,1,0.3,1
2160,216,94.4,79,9,9,91,1,5.6,0
2160,453,92.01,84,7,8,92,1,0.7,1
3841,649,39.14,21,4,70,30,0,1.8,67
3841,553,61.48,19,5,72,28,0,0.5,13
3841,912,62.7,27,3,66,34,0,0.4,215
3841,1153,45.97,24,2,70,30,0,0.3,189
3841,574,62.37,32,2,62,38,0,0.2,64
845,210,84.34,31,15,48,52,4,2.4,56
845,370,87.1,33,15,42,58,4,6.5,158
845,265,94.43,31,13,54,46,4,0.8,76
2990,713,44.32,26,7,61,39,0,2.1,24
2990,924,30.74,26,6,64,36,0,0.4,61
2990,610,60,24,7,64,36,0,3.9,25
2990,743,41.59,27,7,62,38,0,0.7,116
6960,610,61.8,0,26,72,28,0,12.3,33
6960,59,81.36,2,17,80,20,0,0,72
6960,983,56.26,0,26,73,27,0,3.7,37
6960,1066,60.13,0,27,71,29,0,6.2,59
6960,708,88.98,1,8,91,9,1,3.4,27
6960,506,83.99,1,20,77,23,1,10.3,4
6960,577,64.12,0,24,75,25,1,3.6,25
6960,700,84,0,34,65,35,1,18.1,19
6960,593,88.87,0,44,56,44,1,23.4,16
6960,632,70.25,0,26,72,28,0,3.8,63
6960,526,81.94,1,19,79,21,1,8,40
37926,414,70.53,57,8,27,73,0,0,170
37926,329,94.53,79,4,10,90,0,0,228
37926,693,46.61,27,15,43,57,0,10.2,45
37926,603,49.42,33,11,41,59,0,7.8,8
37926,124,94.35,69,11,14,86,0,0,0
37926,660,46.21,46,8,37,63,0,0,77
37926,609,94.42,85,5,5,95,0,0,428
37926,504,94.44,71,5,17,83,0,0,47
37926,474,94.51,77,18,3,97,0,15.4,236
37926,632,39.87,29,10,41,59,0,6.5,46
37926,1546,62.5,73,21,2,98,0,18.8,169
37926,3322,31.71,27,8,55,45,0,0,180
37926,1338,48.94,32,9,49,51,0,0,126
37926,454,94.49,91,4,3,97,0,0,139
37926,1154,94.45,52,13,23,77,0,6.7,278
37926,321,94.39,83,7,5,95,0,0,106
37926,564,94.5,83,13,2,98,0,9,1348
37926,553,94.39,88,4,3,97,0,0,602
37926,991,94.45,81,11,4,96,0,5.1,720
37926,545,94.5,49,6,36,64,0,0,229
37926,575,94.43,43,13,31,69,0,7.5,50
37926,318,47.48,47,9,33,67,0,0,11
37926,458,94.32,84,5,2,98,0,0,41
37926,535,94.39,91,4,2,98,0,0,74
37926,855,94.39,90,3,3,97,0,0,467
37926,464,94.4,55,14,21,79,0,13.1,88
37926,589,94.4,45,21,25,75,0,7,318
37926,568,94.37,24,9,57,43,0,3.9,19
37926,514,43.58,32,4,55,45,0,0,44
37926,528,46.02,25,8,56,44,0,0.4,30
37926,1240,94.44,64,7,22,78,0,0,290
37926,336,94.35,70,15,8,92,0,10.7,53
37926,2962,94.37,52,8,27,73,0,0,222
37926,536,94.4,88,4,3,97,0,0,407
37926,1275,20.78,22,7,55,45,0,0,6
37926,590,16.95,24,5,47,53,0,0,11
37926,325,94.46,91,3,2,98,0,0,91
37926,458,94.32,93,2,2,98,0,0,224
37926,494,94.33,92,3,2,98,0,0,496
37926,463,94.38,76,5,12,88,0,0,229
37926,1188,94.56,91,3,3,97,0,0,192
37926,319,94.36,86,4,8,92,0,0,95
37926,365,94.52,43,7,39,61,0,0,34
37926,657,25.42,30,9,52,48,0,0,26
37926,458,94.32,27,25,38,62,0,20.5,73
37926,400,94.5,23,31,38,62,0,26,54
37926,357,94.4,63,27,6,94,0,24.9,55
37926,395,94.43,71,4,21,79,0,0,19
37926,1455,94.46,94,4,2,98,0,0,130
37926,292,94.52,91,3,1,99,0,0,72
37926,449,94.43,80,8,5,95,0,0,454
37926,450,94.44,52,8,31,69,0,0,96
37926,779,94.48,52,12,32,68,0,0,319
37926,449,94.43,85,6,4,96,0,0,120
20795,1338,72.41,67,13,16,84,0,4,209
20795,623,69.02,46,12,36,64,0,7.4,41
20795,510,74.12,34,7,52,48,0,3.1,100
20795,826,80.87,57,13,21,79,0,7.4,192
20795,2159,79.06,69,13,12,88,0,2,228
20795,1028,82.68,88,5,3,97,0,2.9,129
20795,853,81.48,80,10,5,95,0,2.7,215
20795,851,78.03,48,8,38,62,0,6.3,176
20795,982,27.19,37,4,53,47,0,0.6,13
20795,485,82.47,57,21,15,85,0,14.4,59
20795,2501,63.33,78,8,9,91,0,1.5,849
20795,841,71.11,47,11,36,64,0,1.5,262
20795,663,88.69,69,9,16,84,0,4.8,279
20795,1934,58.58,57,7,32,68,0,0.6,543
20795,1536,48.5,34,5,56,44,0,1,388
20795,666,87.24,70,18,7,93,0,11.4,167
20795,939,65.71,35,5,56,44,0,0.9,261
20795,513,49.9,34,6,54,46,0,2.1,25
20795,396,81.82,70,5,16,84,0,2,64
20795,383,42.3,10,5,81,19,0,1.6,18
20795,386,68.91,24,13,58,42,0,7.3,24
20795,382,83.77,71,10,13,87,0,4.2,63
7968,510,13.73,3,6,81,19,0,3.3,0
7968,1375,13.24,4,8,77,23,0,1.2,30
7968,534,17.98,2,7,88,12,0,1.1,5
7968,402,26.37,6,9,71,29,0,7.7,3
7968,912,19.85,5,7,81,19,0,1.5,36
7968,437,12.13,3,7,73,27,0,7.8,1
7968,1062,14.03,4,8,76,24,0,2.2,25
7968,1160,13.79,6,6,82,18,0,0.8,46
7968,555,16.76,5,5,81,19,0,3.2,0
7968,447,25.28,6,11,70,30,1,5.4,5
7968,574,18.29,3,6,84,16,0,4.4,1
2044,498,61.04,20,12,62,38,1,1.6,58
2044,441,63.72,16,11,66,34,1,5.9,10
2044,472,69.49,18,9,65,35,1,8.3,18
2044,633,49.76,19,9,67,33,0,2.8,30
32314,1517,51.09,49,12,33,67,0,1.8,131
32314,632,58.54,35,17,40,60,0,6,22
32314,436,52.75,22,9,62,38,0,3.2,69
32314,1874,33.35,20,7,69,31,0,0.4,268
32314,1368,15.79,13,10,72,28,0,0.4,89
32314,2434,18.24,18,10,67,33,0,0.9,111
32314,1001,17.68,8,7,81,19,0,1.3,99
32314,1251,31.49,21,8,66,34,0,2.2,45
32314,567,46.21,31,11,50,50,0,2.1,8
32314,463,46.87,17,10,69,31,0,1.5,118
32314,1202,17.3,16,10,66,34,0,2.6,42
32314,528,55.49,22,9,60,40,0,1.3,142
32314,633,50.71,12,12,71,29,0,2.7,70
32314,659,44.76,16,14,64,36,0,5.2,17
32314,725,36.97,26,10,58,42,0,1,93
32314,876,29.57,19,8,67,33,0,1.9,107
32314,558,53.23,12,8,76,24,0,1.4,15
32314,624,57.69,55,16,21,79,0,2.4,101
32314,1743,34.88,23,10,61,39,0,0.7,180
32314,2113,52.52,24,11,58,42,0,3.6,257
32314,643,57.7,35,16,43,57,0,0.8,109
32314,1415,65.07,34,11,48,52,0,4,49
32314,674,53.41,29,8,56,44,0,1.8,35
32314,670,51.34,31,12,50,50,0,2.7,63
32314,964,36.31,19,10,64,36,0,0.7,100
32314,894,45.19,31,9,56,44,0,1,176
32314,741,47.64,13,7,75,25,0,0.5,149
32314,446,79.82,48,11,34,66,0,3.4,113
32314,305,50.82,15,7,71,29,0,3,7
32314,778,58.48,36,12,42,58,0,1.9,86
32314,1827,46.8,27,11,55,45,0,1.3,261
32314,944,42.28,9,4,83,17,0,2,42
32314,809,63.29,54,13,24,76,0,7,51
3504,534,87.64,46,21,27,73,1,12.5,47
3504,434,87.56,68,22,8,92,1,3.7,118
3504,405,87.65,31,8,55,45,0,1.2,47
3504,587,87.56,79,12,8,92,0,5.6,109
3504,604,87.58,29,10,56,44,0,3.6,57
3504,940,87.55,52,17,27,73,0,2.7,113
4062,504,59.72,1,3,93,7,0,0,5
4062,1762,60.88,0,9,88,12,0,5,6
4062,1355,41.18,1,5,91,9,0,0.7,93
4062,441,56.46,1,6,90,10,0,0,0
4171,1144,56.67,2,10,83,17,0,6,29
4171,1028,52.33,9,8,81,19,0,1.3,6
4171,838,58.71,8,9,79,21,1,1.9,60
4171,729,75.86,14,10,68,32,0,4.5,63
4171,432,59.95,5,7,84,16,1,3.9,12
3193,708,38.14,7,2,88,12,0,0.8,9
3193,598,41.3,8,2,87,13,0,0.8,24
3193,1043,30.3,8,1,88,12,0,0.1,140
3193,792,38.89,6,2,89,11,0,0.3,106
3193,52,34.62,10,0,88,12,0,0,31
12823,908,85.46,16,3,76,24,0,0.2,108
12823,1081,85.38,11,37,48,52,0,11.1,148
12823,746,85.39,18,5,71,29,0,0.5,133
12823,3186,85.34,14,31,51,49,0,14.8,132
12823,573,85.51,7,41,46,54,0,31.4,26
12823,461,85.47,15,47,31,69,0,34.1,21
12823,46,67.57,35,9,54,46,0,0,172
12823,674,85.46,27,5,58,42,0,1.5,126
12823,3385,85.38,11,3,77,23,0,1.3,67
12823,496,85.48,9,23,63,37,0,17.5,84
12823,1267,85.4,14,33,49,51,0,5.4,99
1281,302,82.12,42,9,46,54,1,0.7,240
1281,365,82.19,39,6,52,48,0,0,128
1281,614,94.04,40,10,44,56,2,5,166
2819,656,90.67,36,14,45,55,0,2,112
2819,685,84.1,35,17,45,55,0,10.4,2
2819,746,90,37,17,41,59,0,6.3,68
2819,732,77.25,37,11,48,52,0,1.8,160
298,110,70.53,80,0,19,81,0,0,60
298,188,92.92,74,0,22,78,0,0,42
2142,320,65.31,1,17,80,20,0,0.3,4
2142,682,71.11,1,19,77,23,0,6.3,20
2142,495,66.46,0,15,82,18,0,9.7,0
2142,645,55.81,0,15,83,17,0,2.2,28
713,170,94.98,96,1,1,99,0,0,59
713,235,94.45,97,2,1,99,0,0,150
713,308,94.98,96,0,2,98,0,0,105
31406,1168,65.19,67,4,25,75,0,0.9,410
31406,341,53.77,50,7,39,61,0,2.3,146
31406,724,26.5,31,15,44,56,0,1,13
31406,735,87.27,94,2,2,98,0,1.4,422
31406,487,81.48,93,1,2,98,0,0.8,83
31406,17,26.5,35,0,53,47,0,0,0
31406,685,94.4,64,6,28,72,0,0.4,101
31406,636,91.94,93,2,3,97,0,0,674
31406,382,72.22,86,1,10,90,0,0.3,9
31406,396,89.38,91,2,4,96,0,0.3,51
31406,668,79.94,92,3,3,97,0,1.3,646
31406,263,92.91,84,7,4,96,0,2.3,43
31406,447,53.47,46,4,43,57,0,0.7,1
31406,626,73.61,89,6,3,97,0,1.8,394
31406,506,73.22,75,6,12,88,0,0.8,30
31406,473,53.56,78,7,8,92,0,3.8,10
31406,435,74.06,73,5,18,82,0,0.2,41
31406,299,76.67,78,4,13,87,0,1.7,47
31406,391,92.11,94,1,4,96,0,0,55
31406,359,65.35,18,7,71,29,0,1.9,15
31406,530,67.99,62,3,30,70,0,0.9,28
31406,564,77.23,83,6,7,93,0,1.1,259
31406,147,80.66,93,2,4,96,0,0,762
31406,355,94.43,85,3,10,90,0,0.3,212
31406,492,62.1,96,1,1,99,0,0,86
31406,877,88.95,73,8,13,87,0,1.5,137
31406,892,94.5,89,2,5,95,0,0.3,388
31406,342,90.11,57,6,30,70,0,1.5,104
31406,747,92,84,5,7,93,0,1.5,404
31406,349,93.24,84,2,9,91,0,0.6,81
31406,750,59.83,53,6,29,71,0,1.5,35
31406,425,92.88,91,3,3,97,0,1.2,37
31406,393,62.67,42,5,46,54,0,0.8,147
31406,442,90.12,89,6,3,97,0,1.6,176
31406,497,83.77,81,5,7,93,0,4.2,53
31406,420,83.72,84,9,4,96,0,3.3,114
31406,965,80.87,62,4,29,71,0,0.7,313
31406,415,80.15,80,4,10,90,0,1.4,183
31406,585,67.57,59,8,24,76,0,4.6,70
31406,2014,93.12,64,5,24,76,0,1.4,230
31406,384,73.2,63,27,8,92,0,22.1,129
31406,638,94.45,90,5,3,97,0,0.5,482
31406,698,44.13,65,7,20,80,0,0,55
31406,553,90.12,89,5,4,96,0,2.4,192
31406,246,86.6,34,10,49,51,0,4.1,13
31406,540,93.71,64,3,27,73,0,1.7,77
31406,442,79.76,83,4,10,90,0,1.1,98
31406,1175,67.22,74,5,16,84,0,0.6,368
31406,899,92.91,89,4,6,94,0,1.6,155
31406,826,81.36,43,4,45,55,0,0,9
31406,418,90.31,86,6,4,96,0,2.9,226
31406,564,88.17,83,4,11,89,0,0.4,248
31406,757,94.69,83,9,4,96,1,5,909
31406,441,82.5,70,4,19,81,0,1.4,121
31406,586,88.56,96,1,2,98,0,0.2,185
18170,606,81.19,87,5,3,97,0,0.5,38
18170,1144,56.29,67,7,19,81,0,0,142
18170,884,81.11,77,14,4,96,0,5.5,62
18170,611,66.94,66,11,16,84,0,2.3,25
18170,3135,54.12,62,16,16,84,0,1.3,260
18170,510,64.9,53,9,31,69,0,2.9,15
18170,548,72.26,69,12,8,92,0,6,28
18170,1185,66.33,82,9,6,94,0,1.5,243
18170,741,78.81,78,10,8,92,0,3.6,9
18170,672,48.51,60,8,24,76,0,0.4,10
18170,1023,81.13,68,17,10,90,0,2,302
18170,558,76.7,61,15,20,80,0,5,5
18170,817,77.23,83,8,5,95,0,1.5,226
18170,1006,77.14,59,28,8,92,0,3.3,180
18170,1248,71.26,80,10,4,96,0,5,32
18170,636,88.05,64,23,8,92,0,9.1,44
18170,2190,66.94,72,13,10,90,0,1.5,316
18170,656,89.33,14,72,12,88,0,36.9,6
1236,703,49.22,16,6,74,26,0,0.1,138
1236,533,55.91,17,5,73,27,0,0,16
2211,1092,81.14,46,3,47,53,0,0,80
2211,534,80.9,47,3,47,53,1,0,196
2211,585,74.7,47,2,49,51,0,0,193
1386,770,94.16,40,3,52,48,0,0.5,231
1386,616,94.16,44,3,47,53,0,1.1,25
10501,1340,49.85,36,6,53,47,0,0.5,207
10501,467,64.67,41,8,44,56,0,4.1,56
10501,497,77.87,55,10,29,71,0,2,84
10501,489,81.8,49,9,38,62,0,2.2,307
10501,679,63.03,37,6,51,49,0,1.2,333
10501,1436,76.67,59,8,27,73,0,1.5,530
10501,530,84.34,54,11,26,74,0,6.8,77
10501,374,78.88,30,13,49,51,0,7.5,32
10501,613,58.56,24,9,62,38,0,2.8,52
10501,611,87.73,54,12,29,71,0,2.8,331
10501,36,72.22,75,6,14,86,0,0,4
10501,366,86.1,84,6,3,97,0,3,184
10501,378,75.93,28,9,55,45,0,4.5,24
10501,1076,94.79,83,5,5,95,0,2.6,139
10501,342,94.44,15,20,56,44,0,9.9,34
10501,383,43.34,19,7,69,31,0,1.6,39
10501,349,40,90,2,4,96,0,0.3,64
10501,535,87.1,54,14,26,74,0,7.1,68
5605,923,72.48,12,5,74,26,0,0.5,202
5605,2413,72.5,14,4,72,28,0,2.2,7
5605,290,72.41,16,4,70,30,0,2.1,7
5605,563,72.47,12,5,74,26,0,3.6,18
5605,310,72.58,12,6,71,29,0,1,20
5605,1106,51.27,15,4,74,26,0,0.2,82
425,98,87.29,96,0,3,97,0,0,38
425,199,61.79,96,1,2,98,0,0,23
425,128,92.97,95,1,4,96,0,0,8
4241,553,94.98,80,12,6,94,2,7.8,13
4241,808,94.4,82,8,8,92,1,2.1,236
4241,563,72.41,76,14,8,92,2,9.9,41
4241,566,94.33,78,11,9,91,3,4.2,181
4241,265,86.1,76,12,9,91,0,3,110
4241,560,51.34,17,15,61,39,0,3,97
4241,926,63.54,79,12,7,93,3,5.8,73
427,427,87.56,91,0,8,92,0,0,70
162,162,92.86,76,9,12,88,1,0,3
2738,1001,90.21,25,19,53,47,3,2.6,173
2738,258,90.31,20,15,63,37,4,5.8,22
2738,774,90.18,28,16,52,48,3,9.3,29
2738,705,90.21,24,25,44,56,6,11.8,41
1349,294,89.8,42,2,53,47,0,0,71
1349,400,77.25,45,2,51,49,0,0,27
1349,49,92.93,45,10,43,57,0,2,0
1349,407,54.05,38,2,58,42,0,0.2,81
1349,199,91.96,32,2,62,38,1,0.5,56
1617,377,66.94,42,7,48,52,4,0,44
1617,759,94.44,37,10,47,53,4,0,149
1617,459,57.35,40,4,52,48,1,0,19
1617,22,88.56,59,0,36,64,9,0,63
1205,344,63.93,95,1,3,97,0,0,112
1205,300,63.33,91,3,5,95,0,0,15
1205,561,92.86,90,2,7,93,0,0,3
5494,220,68.64,27,6,63,37,2,0.9,16
5494,384,90.1,38,7,49,51,1,2.9,6
5494,31,67.74,39,10,52,48,0,3.2,31
5494,1392,68.82,34,7,54,46,1,0.8,153
5494,858,89.98,36,6,52,48,1,2.1,20
5494,1767,68.82,36,6,53,47,1,0.2,233
5494,842,90.02,37,7,50,50,1,2.7,48
4347,2224,41.11,32,19,46,54,1,2.7,382
4347,990,92.05,33,20,44,56,3,4,322
4347,375,94.4,12,41,44,56,8,24.5,14
4347,382,67.22,46,14,37,63,2,9.4,44
4347,376,93.2,47,9,43,57,2,4,96
2754,655,81.93,18,26,51,49,6,2.4,74
2754,434,48.39,26,28,40,60,13,19.6,22
2754,779,62.2,18,25,53,47,6,3,83
2754,453,84.63,24,29,39,61,10,11.5,34
2754,433,71.14,4,25,68,32,5,12.9,27
938,416,64.66,1,6,90,10,0,1.2,11
938,226,45.13,1,7,90,10,0,0.4,14
938,296,33.45,0,3,92,8,0,0.3,7
1053,542,68.75,40,4,52,48,0,0.4,160
1053,511,92.61,39,1,56,44,0,0.4,252
12410,1460,69.59,47,7,38,62,0,3.8,65
12410,357,90.76,62,3,31,69,0,0.3,14
12410,487,47.43,16,3,76,24,0,2.5,28
12410,985,68.12,48,10,35,65,0,3.4,247
12410,547,46.8,24,10,61,39,0,6.8,46
12410,810,59.51,47,4,41,59,0,0.7,126
12410,750,77.07,49,5,38,62,0,0.7,213
12410,653,91.27,54,12,25,75,0,6.9,29
12410,38,78.81,61,11,29,71,0,2.6,2
12410,1014,63.21,38,4,53,47,0,0.6,417
12410,1312,51.6,34,4,56,44,0,0.5,349
12410,438,90.64,34,8,52,48,0,3.4,101
12410,552,93.66,70,11,11,89,0,7.8,59
12410,677,93.94,67,6,19,81,0,3.8,188
12410,1198,56.51,44,7,42,58,0,1.9,361
12410,341,43.4,13,5,72,28,1,3.8,36
12410,512,44.34,10,3,77,23,0,1.8,1
12410,279,92.11,87,4,6,94,0,1.8,59
1145,274,90.86,61,8,27,73,1,4.7,130
1145,521,70.82,63,5,29,71,0,3.3,75
1145,15,92.98,67,0,27,73,0,0,0
1145,335,65.11,61,7,27,73,0,0,43
746,328,81.08,62,2,35,65,0,0.6,67
746,240,63.72,64,2,30,70,0,0,51
746,178,77.01,60,1,39,61,0,0,58
2761,860,45.47,0,4,92,8,0,0,32
2761,588,54.08,1,6,91,9,0,2,7
2761,680,56.47,0,5,92,8,0,0.1,12
2761,573,63.18,1,6,90,10,0,3.1,2
2761,60,63.33,0,0,97,3,0,0,2
3941,892,87.59,35,3,56,44,0,0.7,14
3941,1224,68.63,35,3,58,42,0,0.1,285
3941,897,91.86,36,3,55,45,0,1.1,10
3941,928,83.19,37,5,54,46,0,0.6,246
8364,351,61.82,2,3,90,10,0,0.6,1
8364,506,67.98,4,2,88,12,0,0,37
8364,599,60.1,2,2,92,8,0,0.2,27
8364,621,77.62,4,3,88,12,0,0.2,34
8364,1309,69.37,8,4,82,18,0,0.3,142
8364,397,42.76,12,8,75,25,0,4.8,45
8364,446,87.67,4,2,84,16,0,1.1,2
8364,1137,62.71,5,4,86,14,0,0.2,103
8364,564,72.7,5,3,86,14,0,0.2,6
8364,417,67.15,4,2,85,15,0,1.4,10
8364,517,85.88,9,8,79,21,0,0.4,80
8364,261,27.2,1,6,90,10,0,2.3,1
8364,317,89.91,4,3,87,13,0,1.3,1
8364,507,67.46,3,2,89,11,0,0.6,5
8364,415,84.82,7,3,81,19,0,1.2,6
16454,785,58.85,27,6,61,39,0,2.5,36
16454,1107,39.57,12,7,77,23,0,1.2,171
16454,533,89.12,46,6,37,63,0,6.2,23
16454,1683,34.93,8,11,75,25,0,4.8,15
16454,1359,35.47,16,6,73,27,0,0.9,110
16454,1762,87.64,48,6,42,58,0,2.3,16
16454,641,63.81,34,19,39,61,0,13.4,50
16454,928,38.36,16,9,70,30,0,4.6,7
16454,843,64.77,42,6,46,54,0,0.9,313
16454,1467,40.45,2,8,86,14,0,2.5,31
16454,1661,32.09,21,10,63,37,0,2.3,174
16454,732,34.15,7,7,83,17,0,2.5,28
16454,1045,53.68,35,5,53,47,0,1.6,179
16454,1315,38.48,19,12,63,37,0,1.3,104
16454,593,47.55,23,8,65,35,0,3.4,22
5809,1531,66.75,33,7,55,45,0,1,328
5809,443,76.52,46,3,40,60,0,2.3,61
5809,584,66.78,51,5,36,64,0,0.2,244
5809,568,51.11,57,4,32,68,0,1.2,236
5809,809,76.64,27,8,62,38,1,0.7,294
5809,436,86.46,40,12,40,60,0,6.9,86
5809,369,93.95,39,5,48,52,0,3.5,88
5809,436,62.5,21,11,61,39,1,2.8,47
5809,633,83.55,26,4,62,38,0,1.7,84
595,130,92.01,88,2,8,92,0,0,12
595,164,89.91,93,0,5,95,0,0,35
595,301,92.83,89,0,7,93,0,0,25
3028,733,77.9,63,2,31,69,0,0.4,189
3028,867,77.85,65,1,30,70,0,0.2,51
3028,672,92.09,65,2,28,72,0,0.7,190
3028,756,84.61,67,1,29,71,0,0.5,302
5107,1445,60,22,9,64,36,1,1.7,142
5107,622,67.36,21,9,65,35,2,3.1,149
5107,621,70.21,23,8,63,37,0,0,99
5107,522,88.51,38,11,46,54,3,5,29
5107,621,88.24,17,12,64,36,2,6.6,6
5107,691,88.57,34,9,51,49,1,2.7,10
5107,220,88.64,9,7,80,20,1,3.2,3
5107,365,88.49,2,4,89,11,0,1.4,11
296,209,76.08,52,7,35,65,0,0,29
296,87,75.86,40,11,43,57,0,0,7
941,417,79.52,35,5,60,40,1,7.4,90
941,228,92.93,35,6,58,42,1,4.8,8
941,296,94.86,36,6,58,42,0,1.4,74
3802,452,58.85,0,5,89,11,0,2.9,9
3802,469,51.6,2,3,88,12,0,2.6,1
3802,1132,47.44,2,4,89,11,0,0.9,64
3802,381,65.35,1,7,91,9,1,3.7,0
3802,929,56.51,1,5,89,11,0,1,33
3802,439,58.54,4,5,85,15,0,3,7
19862,586,61.77,1,47,46,54,0,7.8,49
19862,1060,59.72,2,34,60,40,0,3.6,67
19862,1316,50.15,2,30,63,37,0,2.4,145
19862,586,51.71,2,29,63,37,0,17.2,1
19862,355,64.51,0,13,82,18,0,4.5,8
19862,439,88.38,2,56,38,62,0,40.1,3
19862,681,65.87,2,33,59,41,0,8.7,57
19862,1417,71.49,2,67,28,72,1,8.5,140
19862,713,87.38,1,73,23,77,1,13,75
19862,786,68.32,1,33,61,39,0,5.9,104
19862,451,78.49,0,53,43,57,0,12.6,40
19862,1274,46.3,2,14,79,21,0,0.2,30
19862,452,91.37,2,68,27,73,1,46.5,5
19862,3385,92.87,2,77,19,81,1,54.5,15
19862,413,68.28,0,38,57,43,0,18.6,0
19862,273,57.88,0,12,83,17,0,1.8,8
19862,903,80.34,3,61,32,68,0,33.4,56
19862,3186,55.66,2,13,81,19,0,3.4,3
19862,445,79.78,2,53,41,59,0,41.8,24
19862,281,55.52,3,14,78,22,0,3.2,5
19862,371,78.17,0,64,33,67,1,43.9,3
19862,489,79.75,0,31,66,34,0,15.5,37
1129,281,93.95,36,4,56,44,0,0.4,89
1129,526,93.92,30,4,60,40,0,1.7,32
1129,322,94.1,34,5,58,42,1,0.9,146
1398,438,94.06,48,8,36,64,0,0,8
1398,415,79.21,53,7,33,67,0,0,143
1398,226,94.25,50,9,36,64,0,0,33
1398,319,94.04,52,10,33,67,0,0,123
1248,296,66.55,55,4,35,65,0,3.7,1
1248,318,53.77,56,6,31,69,0,0.3,33
1248,249,69.88,53,6,31,69,0,5.2,0
1248,385,47.27,55,5,35,65,0,0.5,154
3070,768,92.58,37,2,57,43,1,0,163
3070,826,92.62,30,2,64,36,0,0,103
3070,722,92.66,34,2,59,41,1,0,264
3070,712,92.56,36,2,59,41,0,0,109
3070,42,92.86,38,0,60,40,0,0,89
54852,480,87.76,98,1,0,100,0,0.2,98
54852,524,52.23,63,7,23,77,0,2.5,42
54852,441,94.46,97,3,0,100,0,0.7,14
54852,438,92.11,95,4,1,99,1,2.5,17
54852,410,72.73,98,1,0,100,0,0.7,69
54852,468,92.91,95,4,0,100,0,0.2,48
54852,388,74.23,96,3,0,100,0,0,122
54852,739,10.42,12,10,61,39,0,5.8,1
54852,365,92.01,95,5,0,100,0,0,120
54852,414,92.05,92,2,3,97,0,0.2,25
54852,740,94.4,91,8,0,100,0,3.1,259
54852,930,75.82,97,3,0,100,0,1.5,541
54852,1333,94.46,94,5,0,100,0,2.8,177
54852,1297,92.94,78,6,12,88,0,1.4,244
54852,550,90.05,97,2,0,100,0,0,82
54852,1978,25.58,38,24,33,67,0,4.6,182
54852,405,94.39,99,1,0,100,0,7.2,29
54852,812,92.05,87,4,3,97,0,2.5,103
54852,906,37.64,65,3,27,73,0,0.2,12
54852,232,17.24,25,6,62,38,0,0.9,4
54852,59,93.88,41,8,46,54,0,0,0
54852,506,87.82,96,2,1,99,0,0,45
54852,498,72.73,96,4,0,100,0,2.2,36
54852,505,84.63,98,1,0,100,0,0.6,62
54852,798,60.52,91,8,0,100,0,4.8,246
54852,381,85.99,97,3,0,100,0,0,238
54852,383,81.48,95,4,0,100,0,1.6,15
54852,540,51.11,38,32,24,76,0,23.3,7
54852,634,87.82,97,2,0,100,0,0.9,46
54852,462,81.31,70,3,21,79,0,0.4,2
54852,311,33.12,62,5,27,73,0,0,4
54852,679,94.5,97,3,0,100,0,1.2,204
54852,790,74.23,88,8,2,98,0,2.8,271
54852,129,74.75,95,4,1,99,0,0.8,32
54852,667,51.6,13,10,71,29,0,2.8,5
54852,257,90.61,93,6,0,100,0,2.3,96
54852,396,9.34,14,4,71,29,0,1.3,11
54852,833,52.58,84,3,9,91,0,0,79
54852,397,81.48,95,4,0,100,0,1.5,19
54852,361,84.15,97,1,0,100,0,0.6,135
54852,436,94.49,96,3,0,100,0,1.6,93
54852,426,94.5,86,13,0,100,0,11.5,8
54852,453,86.1,95,5,0,100,0,4,49
54852,760,28.42,30,19,41,59,0,16.6,1
54852,323,90.61,93,7,0,100,0,5.3,3
54852,799,46.56,76,5,13,87,0,0.5,57
54852,851,88.56,98,2,0,100,0,1.5,258
54852,350,78.07,94,5,0,100,0,1.7,114
54852,326,85.66,97,3,0,100,0,0.6,99
54852,823,87.29,91,8,1,99,0,2.6,371
54852,1455,88.84,99,1,0,100,0,0.6,215
54852,628,92.86,96,3,0,100,0,1,137
54852,539,92.91,94,4,0,100,0,3.3,29
54852,624,89.38,99,1,0,100,0,1,9
54852,497,58.58,83,3,9,91,0,0.4,17
54852,662,90.61,95,4,0,100,0,1.4,184
54852,114,78.07,99,1,0,100,0,0,4
54852,504,62.1,23,52,19,81,0,46.6,4
54852,1065,45,30,8,54,46,0,2.7,167
54852,979,17.88,21,22,45,55,0,15.5,9
54852,1810,6.93,11,9,66,34,0,7.4,4
54852,1008,8.13,16,8,67,33,0,5.1,0
54852,405,81.13,91,4,3,97,0,2.2,15
54852,357,92.86,96,3,1,99,0,0,32
54852,3278,6.54,15,7,66,34,0,5.1,2
54852,662,22.09,12,7,71,29,0,0.8,5
54852,278,94.42,83,13,0,100,0,14,10
54852,207,63.33,95,4,1,99,0,0,127
54852,270,92.89,97,1,0,100,0,0.7,13
54852,411,92.95,97,2,0,100,0,2.7,14
54852,414,42.86,89,11,0,100,0,9.7,146
54852,457,92.84,89,9,0,100,0,6.1,7
54852,1614,23.73,28,26,38,62,0,6.4,190
54852,512,81.48,97,2,0,100,0,2.1,22
54852,680,92.84,94,5,1,99,0,4.4,8
54852,777,81.19,93,5,0,100,0,5,5
54852,968,92.66,96,3,0,100,0,1.5,741
54852,473,94.39,97,2,0,100,0,0.4,26
54852,529,92.95,97,2,0,100,0,2.3,56
54852,1389,28.65,43,8,43,57,0,1.4,146
54852,276,94.51,64,33,1,99,0,27.2,28
54852,265,90.38,96,1,2,98,0,0,48
54852,417,82.68,98,1,0,100,0,0,34
54852,380,90.38,95,3,1,99,0,1.1,43
54852,280,90.61,89,10,0,100,0,6.8,13
54852,261,92.84,98,0,1,99,0,0,15
54852,424,56.29,75,1,19,81,0,0.7,29
2224,337,23.74,6,2,87,13,0,0.6,0
2224,726,15.7,5,2,87,13,0,0,21
2224,537,19.37,5,1,90,10,0,0.2,4
2224,624,20.83,6,2,88,12,0,0,2
4945,1558,38.58,11,31,50,50,0,14.4,20
4945,1180,38.47,10,29,52,48,0,5.3,40
4945,1481,32.14,13,26,53,47,0,3,229
4945,726,33.33,9,28,54,46,0,23,4
3892,1004,59.86,5,39,50,50,0,7.5,74
3892,1714,62.19,6,37,51,49,0,21.5,14
3892,1174,49.15,6,36,52,48,0,5.7,68
5105,1147,41.91,34,21,36,64,0,3.8,77
5105,1521,68.51,36,22,34,66,0,9.8,19
5105,1630,44.85,29,17,47,53,0,3.6,77
5105,807,57.87,32,19,41,59,0,3.3,86
4381,909,56.22,21,20,52,48,0,17.1,2
4381,920,55.11,24,20,48,52,0,11.4,15
4381,1114,56.82,22,22,49,51,0,5.8,81
4381,1438,41.38,23,17,54,46,0,4,90
1314,337,21.96,0,4,94,6,0,0,6
1314,448,17.19,0,1,96,4,0,0,28
1314,529,22.68,0,2,95,5,0,0.6,2
1634,391,58.82,11,15,64,36,2,11.5,10
1634,496,56.45,11,13,70,30,0,2,61
1634,487,48.05,11,12,71,29,1,3.5,27
1634,260,56.92,10,12,72,28,0,6.9,6
10414,563,80.42,5,83,10,90,0,37.3,0
10414,1574,87.76,2,89,6,94,0,37.5,0
10414,348,78.74,6,78,12,88,1,35.9,17
10414,540,53.33,6,37,48,52,0,22,1
10414,1772,77.2,5,72,18,82,0,10.9,35
10414,639,90.61,7,73,15,85,0,35.7,0
10414,2491,52.08,2,49,40,60,0,18.3,0
10414,420,92.66,7,86,6,94,0,46.7,0
10414,2067,64.49,5,68,23,77,0,4.7,24
2204,626,87.56,93,2,2,98,0,0,150
2204,458,74.5,89,2,5,95,0,1.3,68
2204,589,92.33,91,1,4,96,0,0.7,263
2204,476,85.95,95,2,1,99,0,1.3,48
2204,55,90.31,91,2,5,95,0,0,8
7756,637,75.82,24,68,5,95,2,41.1,11
7756,1805,78.61,17,64,12,88,1,18,371
7756,846,60.52,14,59,20,80,2,43.6,25
7756,643,61.28,8,84,3,97,2,65.3,9
7756,529,84.12,10,63,15,85,2,40.3,23
7756,738,62.2,24,31,36,64,2,15.9,57
7756,410,75.85,33,63,1,99,3,44.1,21
7756,2148,69.04,18,60,16,84,1,16.6,184
3713,884,25,8,6,80,20,0,0.8,32
3713,897,26.98,8,7,79,21,0,2.6,15
3713,1134,20.37,9,8,78,22,0,0.3,97
3713,798,26.44,7,7,79,21,0,2.6,1
9093,2448,47.1,40,36,19,81,0,6.8,257
9093,661,63.54,29,55,11,89,0,36.9,19
9093,336,25.89,21,19,46,54,0,2.1,0
9093,480,40.83,38,19,37,63,0,10,50
9093,580,72.41,57,38,3,97,0,21.9,16
9093,1332,60.29,39,38,17,83,0,6.4,287
9093,16,92.89,38,31,25,75,0,0,0
9093,694,73.2,44,46,6,94,0,35.2,44
9093,669,60.39,36,39,18,82,0,7.5,57
9093,524,80.73,23,69,4,96,0,55.3,61
9093,369,61.79,36,45,15,85,0,34.4,14
9093,984,14.37,15,8,69,31,0,1.4,14
11173,11173,44.79,38,8,45,55,0,0.9,0
258,258,94.4,94,5,1,99,0,0,8
825,825,22.42,18,15,64,36,1,6.9,46
4370,4370,40.48,34,8,50,50,0,0,0
733,733,53.61,29,19,37,63,0,6.1,39
513,513,41.91,35,5,56,44,0,0,8
718,718,45,18,6,70,30,0,0,62
873,873,71.71,30,10,56,44,0,0.9,11
279,279,48.39,92,7,1,99,1,5.7,46
276,276,52.54,97,2,1,99,0,2.2,7
183,183,63.93,96,3,1,99,0,0,0
520,520,52.34,15,9,69,31,0,0,11
497,497,68.21,71,20,2,98,0,11.9,84
140,140,57.17,23,6,11,89,0,45,1
72,72,73.61,99,1,0,100,0,0,1
1343,376,91.67,51,6,41,59,1,0.8,29
1343,353,77,56,5,37,63,0,0.6,134
1343,614,76.44,64,6,27,73,0,2.8,25
6305,569,94.51,25,59,11,89,0,35.7,106
6305,606,63.54,20,61,12,88,0,33.7,100
6305,1932,54.4,32,33,29,71,0,6.4,480
6305,566,65.5,27,11,51,49,0,5.5,29
6305,990,74.06,36,35,23,77,0,5.6,274
6305,389,94.39,67,16,13,87,0,11.3,158
6305,819,57.77,24,33,32,68,0,10.7,43
6305,434,84.15,68,15,11,89,0,9.2,156
1722,337,51.04,26,5,64,36,0,0.9,6
1722,459,43.14,20,3,73,27,0,0,60
1722,381,52.23,24,4,66,34,0,1.6,5
1722,545,32.48,19,3,73,27,0,0,47
3904,601,94.38,55,2,41,59,0,0,338
3904,680,92.88,90,3,4,96,0,0.3,9
3904,1134,90.61,98,0,1,99,1,0,24
3904,764,76.44,63,2,34,66,0,0.1,219
3904,725,22.34,23,3,70,30,0,0.4,2
1311,609,60.43,1,21,73,27,0,7.2,3
1311,302,51.99,1,20,76,24,0,0.7,2
1311,400,45,1,16,81,19,0,2.5,6
8171,1052,85.99,60,8,24,76,0,3.6,23
8171,1138,89.98,61,8,25,75,0,3,221
8171,567,61.79,84,11,2,98,1,6.9,81
8171,553,94.4,90,7,2,98,0,4.5,61
8171,870,80.73,92,3,4,96,0,0,760
8171,2191,81.19,72,4,19,81,0,1,606
8171,845,93.2,73,10,13,87,0,2.7,33
8171,955,94.42,89,4,4,96,0,0,246
2407,568,92.61,49,6,41,59,0,0.2,66
2407,718,52.23,45,6,46,54,0,0.1,88
2407,359,92.48,47,7,41,59,0,3.1,4
2407,762,92.52,54,8,33,67,0,1.8,188
166,166,56.68,53,30,14,86,1,0,33
96,96,90.18,52,4,38,62,0,0,6
69,69,54.12,33,19,41,59,0,0,11
249,27,86.62,89,0,11,89,0,0,0
249,65,64.73,66,3,31,69,0,0,0
249,50,84.3,64,8,24,76,0,0,0
249,28,89.38,79,4,14,86,0,0,0
249,45,65,67,4,22,78,0,0,0
249,17,92.97,94,0,6,94,0,0,0
249,17,85.99,88,6,6,94,0,0,0
